component,creator,owner,third_party_content,redistribution_authority,proposed_license,inclusion_exclusion_decision,notes
"synthetic conformance code","UNCONFIRMED_HUMAN_REVIEW_REQUIRED","UNCONFIRMED_HUMAN_REVIEW_REQUIRED","No third-party code identified by the bounded release scan; legal review still required","UNRESOLVED","PENDING_HUMAN_APPROVAL","INCLUDE_IN_LOCAL_REVIEW_PACKAGE_ONLY","Do not call public or redistributable until ownership and license are approved"
"admission rule engine","UNCONFIRMED_HUMAN_REVIEW_REQUIRED","UNCONFIRMED_HUMAN_REVIEW_REQUIRED","No third-party code identified; legal review still required","UNRESOLVED","PENDING_HUMAN_APPROVAL","INCLUDE_IN_LOCAL_REVIEW_PACKAGE_ONLY","Post-acquisition conservative taxonomy and executable formalization; not evidence of prospective validation and must be frozen before acquisition in future studies"
"software and property tests","UNCONFIRMED_HUMAN_REVIEW_REQUIRED","UNCONFIRMED_HUMAN_REVIEW_REQUIRED","No third-party code identified; legal review still required","UNRESOLVED","PENDING_HUMAN_APPROVAL","INCLUDE_IN_LOCAL_REVIEW_PACKAGE_ONLY","Test dependencies are not vendored"
"processed historical diagnostics","UNCONFIRMED_HUMAN_REVIEW_REQUIRED","UNCONFIRMED_HUMAN_REVIEW_REQUIRED","Derived from restricted engine and third-party packages","UNRESOLVED","PENDING_HUMAN_APPROVAL","INCLUDE_NEUTRALIZED_ROWS_IN_LOCAL_REVIEW_PACKAGE_ONLY","Historical gate was frozen retrospectively after outcomes existed and is not prospective blinding evidence; privacy and derived-record authority require human/legal confirmation"
"processed deterministic preflight diagnostics","UNCONFIRMED_HUMAN_REVIEW_REQUIRED","UNCONFIRMED_HUMAN_REVIEW_REQUIRED","Derived from restricted engine and third-party packages","UNRESOLVED","PENDING_HUMAN_APPROVAL","INCLUDE_NEUTRALIZED_ROWS_IN_LOCAL_REVIEW_PACKAGE_ONLY","Raw observations and traces are excluded"
"processed timed-search diagnostics","UNCONFIRMED_HUMAN_REVIEW_REQUIRED","UNCONFIRMED_HUMAN_REVIEW_REQUIRED","Derived from restricted engine and third-party packages","UNRESOLVED","PENDING_HUMAN_APPROVAL","INCLUDE_NEUTRALIZED_ROWS_IN_LOCAL_REVIEW_PACKAGE_ONLY","Frozen digest endpoint and later digest-plus-byte hardening both give 99/200; promised first-divergence position actor localization and timing summaries are omitted, with no raw trace lines for independent localization verification"
"processed factorial rows","UNCONFIRMED_HUMAN_REVIEW_REQUIRED","UNCONFIRMED_HUMAN_REVIEW_REQUIRED","Derived from restricted engine and third-party packages","UNRESOLVED","PENDING_HUMAN_APPROVAL","INCLUDE_NEUTRALIZED_ROWS_IN_LOCAL_REVIEW_PACKAGE_ONLY","Contains schedule/outcome/decision fields; no trace digests"
"frozen protocols and review transcriptions","UNCONFIRMED_HUMAN_REVIEW_REQUIRED","UNCONFIRMED_HUMAN_REVIEW_REQUIRED","May describe restricted systems but contains no binaries","UNRESOLVED","PENDING_HUMAN_APPROVAL","INCLUDE_SANITIZED_TRANSCRIPTIONS_IN_LOCAL_REVIEW_PACKAGE_ONLY","Frozen source protocol remains unchanged; supporting deviation record is UNSIGNED/PENDING and does not invent an amendment"
"protocol chronology and deviation register","UNCONFIRMED_HUMAN_REVIEW_REQUIRED","UNCONFIRMED_HUMAN_REVIEW_REQUIRED","May describe restricted evidence boundaries but contains no restricted trace lines","UNRESOLVED","PENDING_HUMAN_APPROVAL","INCLUDE_IN_LOCAL_REVIEW_PACKAGE_ONLY","Separates frozen binary gates plus planned paired-bootstrap/McNemar analysis from post-acquisition descriptive relabeling and records the unresolved localization/actor/timing reporting-access deviation"
"figures and tables","UNCONFIRMED_HUMAN_REVIEW_REQUIRED","UNCONFIRMED_HUMAN_REVIEW_REQUIRED","No game art or generative-image output identified","UNRESOLVED","PENDING_HUMAN_APPROVAL","INCLUDE_IN_LOCAL_REVIEW_PACKAGE_ONLY","Generated deterministically from staged source data"
"figure and equation source data","UNCONFIRMED_HUMAN_REVIEW_REQUIRED","UNCONFIRMED_HUMAN_REVIEW_REQUIRED","Derived in part from restricted acquisitions","UNRESOLVED","PENDING_HUMAN_APPROVAL","INCLUDE_IN_LOCAL_REVIEW_PACKAGE_ONLY","Release scan must verify neutralization"
"cryptographic manifests and schemas","UNCONFIRMED_HUMAN_REVIEW_REQUIRED","UNCONFIRMED_HUMAN_REVIEW_REQUIRED","No third-party content identified","UNRESOLVED","PENDING_HUMAN_APPROVAL","INCLUDE_IN_LOCAL_REVIEW_PACKAGE_ONLY","Integrity metadata confers no redistribution right"
"README and protocol documentation","UNCONFIRMED_HUMAN_REVIEW_REQUIRED","UNCONFIRMED_HUMAN_REVIEW_REQUIRED","May refer to prior methods with citations","UNRESOLVED","PENDING_HUMAN_APPROVAL","INCLUDE_IN_LOCAL_REVIEW_PACKAGE_ONLY","Documentation must preserve protocol chronology: the later generic taxonomy cannot evidence prospective validation; citation metadata remains incomplete"
"NumPy Matplotlib pytest and Python runtime","Upstream projects","Upstream rightsholders","Yes","Governed by upstream licenses; not audited here","UPSTREAM_LICENSES","DO_NOT_VENDOR","Record exact versions and direct users to upstream license terms"
"restricted tournament engine source and binaries","Third-party creator not established in this audit","Third-party rightsholder not established in this audit","Yes","NOT_ESTABLISHED","NOT_APPLICABLE","EXCLUDE","Never stage in review/public package"
"third-party opponent packages and policy packages","Third-party and/or human creators not established in this audit","Ownership not established","Yes","NOT_ESTABLISHED","NOT_APPLICABLE","EXCLUDE","Never stage packages or weights"
"game assets card databases private observations and raw restricted traces","Third-party and/or human creators not established in this audit","Ownership and privacy rights not established","Yes","NOT_ESTABLISHED","NOT_APPLICABLE","EXCLUDE","No available-on-request statement without lawful access process; exclusion prevents independent reconstruction of promised stress first-divergence localization and timing"
