analysis_set,status,contrast,effect,pairs,left_only_wins,right_only_wins,limitations
within_run_descriptive,DESCRIPTIVE_ONLY,C2-C1 (C2 run),-0.0010714285714285715,2800,475,478,"These are realized candidate-versus-own-control differences, not validated common-random-number ablation estimates. No interval or p-value is reported."
within_run_descriptive,DESCRIPTIVE_ONLY,C3-C1 (C3 run),-0.0067857142857142855,2800,286,305,"These are realized candidate-versus-own-control differences, not validated common-random-number ablation estimates. No interval or p-value is reported."
within_run_descriptive,DESCRIPTIVE_ONLY,C4-C1 (C4 run),0.027857142857142858,2800,496,418,"These are realized candidate-versus-own-control differences, not validated common-random-number ablation estimates. No interval or p-value is reported."
post_hoc_five_opponent_subset,DESCRIPTIVE_ONLY,C2-C1,-0.014,2000,326,354,"The five-opponent subset was defined after the parity failure, changes the target population, has no trace capture, and is reported only as a descriptive sensitivity. No interval, p-value, or generalization claim is warranted."
post_hoc_five_opponent_subset,DESCRIPTIVE_ONLY,C3-C1,-0.007,2000,193,207,"The five-opponent subset was defined after the parity failure, changes the target population, has no trace capture, and is reported only as a descriptive sensitivity. No interval, p-value, or generalization claim is warranted."
post_hoc_five_opponent_subset,DESCRIPTIVE_ONLY,C4-C1,0.037,2000,370,296,"The five-opponent subset was defined after the parity failure, changes the target population, has no trace capture, and is reported only as a descriptive sensitivity. No interval, p-value, or generalization claim is warranted."
post_hoc_five_opponent_subset,DESCRIPTIVE_ONLY,C4-C2,0.051,2000,383,281,"The five-opponent subset was defined after the parity failure, changes the target population, has no trace capture, and is reported only as a descriptive sensitivity. No interval, p-value, or generalization claim is warranted."
post_hoc_five_opponent_subset,DESCRIPTIVE_ONLY,C4-C3,0.044,2000,365,277,"The five-opponent subset was defined after the parity failure, changes the target population, has no trace capture, and is reported only as a descriptive sensitivity. No interval, p-value, or generalization claim is warranted."
post_hoc_five_opponent_subset,DESCRIPTIVE_ONLY,C4-C3-C2+C1,0.058,2000,,,"The five-opponent subset was defined after the parity failure, changes the target population, has no trace capture, and is reported only as a descriptive sensitivity. No interval, p-value, or generalization claim is warranted."
