system,method,branch,valid_n,false_suppression_n,false_suppression_soft_n,false_suppression_hard_n,invalid_n,detected_n,detected_with_caveat_n,missed_failure_n,downgrade_n,downgrade_correct_n,downgrade_missed_n,downgrade_over_suppressed_n,not_applicable_n,detection_est,detection_lo,detection_hi,false_suppression_est,false_suppression_lo,false_suppression_hi,false_suppression_soft_est,false_suppression_soft_lo,false_suppression_soft_hi,false_suppression_hard_est,false_suppression_hard_lo,false_suppression_hard_hi,missed_failure_est,missed_failure_lo,missed_failure_hi,caveat_blindness_est,caveat_blindness_lo,caveat_blindness_hi
holdem,B0_schedule_only,BRANCH_A,360,40,0,40,67,0,0,67,0,0,0,0,0,0.0,0.0,0.054226,0.111111,0.082665,0.147769,0.0,0.0,0.010558,0.111111,0.082665,0.147769,1.0,0.945774,1.0,,,
holdem,B0_schedule_only,BRANCH_B,160,0,0,0,80,40,0,40,187,0,187,0,0,0.5,0.392974,0.607026,0.0,0.0,0.023446,0.0,0.0,0.023446,0.0,0.0,0.023446,0.5,0.392974,0.607026,1.0,0.979871,1.0
holdem,B0_schedule_only,BRANCH_C,267,0,0,0,160,0,0,160,0,0,0,0,0,0.0,0.0,0.023446,0.0,0.0,0.014183,0.0,0.0,0.014183,0.0,0.0,0.014183,1.0,0.976554,1.0,,,
holdem,B0_schedule_only,BRANCH_D,227,0,0,0,200,0,0,200,0,0,0,0,0,0.0,0.0,0.018845,0.0,0.0,0.016641,0.0,0.0,0.016641,0.0,0.0,0.016641,1.0,0.981155,1.0,,,
holdem,B0_schedule_only,BRANCH_E,40,0,0,0,280,0,0,280,0,0,0,0,107,0.0,0.0,0.013534,0.0,0.0,0.087622,0.0,0.0,0.087622,0.0,0.0,0.087622,1.0,0.986466,1.0,,,
holdem,B1_outcome_aa,BRANCH_A,360,40,0,40,67,0,0,67,0,0,0,0,0,0.0,0.0,0.054226,0.111111,0.082665,0.147769,0.0,0.0,0.010558,0.111111,0.082665,0.147769,1.0,0.945774,1.0,,,
holdem,B1_outcome_aa,BRANCH_B,160,0,0,0,80,40,0,40,187,0,187,0,0,0.5,0.392974,0.607026,0.0,0.0,0.023446,0.0,0.0,0.023446,0.0,0.0,0.023446,0.5,0.392974,0.607026,1.0,0.979871,1.0
holdem,B1_outcome_aa,BRANCH_C,267,0,0,0,160,0,0,160,0,0,0,0,0,0.0,0.0,0.023446,0.0,0.0,0.014183,0.0,0.0,0.014183,0.0,0.0,0.014183,1.0,0.976554,1.0,,,
holdem,B1_outcome_aa,BRANCH_D,227,0,0,0,200,0,0,200,0,0,0,0,0,0.0,0.0,0.018845,0.0,0.0,0.016641,0.0,0.0,0.016641,0.0,0.0,0.016641,1.0,0.981155,1.0,,,
holdem,B1_outcome_aa,BRANCH_E,40,0,0,0,280,0,0,280,0,0,0,0,107,0.0,0.0,0.013534,0.0,0.0,0.087622,0.0,0.0,0.087622,0.0,0.0,0.087622,1.0,0.986466,1.0,,,
holdem,B2_trace_aa,BRANCH_A,360,40,0,40,67,0,0,67,0,0,0,0,0,0.0,0.0,0.054226,0.111111,0.082665,0.147769,0.0,0.0,0.010558,0.111111,0.082665,0.147769,1.0,0.945774,1.0,,,
holdem,B2_trace_aa,BRANCH_B,160,0,0,0,80,40,0,40,187,0,187,0,0,0.5,0.392974,0.607026,0.0,0.0,0.023446,0.0,0.0,0.023446,0.0,0.0,0.023446,0.5,0.392974,0.607026,1.0,0.979871,1.0
holdem,B2_trace_aa,BRANCH_C,267,0,0,0,160,80,0,80,0,0,0,0,0,0.5,0.423439,0.576561,0.0,0.0,0.014183,0.0,0.0,0.014183,0.0,0.0,0.014183,0.5,0.423439,0.576561,,,
holdem,B2_trace_aa,BRANCH_D,227,0,0,0,200,0,0,200,0,0,0,0,0,0.0,0.0,0.018845,0.0,0.0,0.016641,0.0,0.0,0.016641,0.0,0.0,0.016641,1.0,0.981155,1.0,,,
holdem,B2_trace_aa,BRANCH_E,40,0,0,0,280,0,0,280,0,0,0,0,107,0.0,0.0,0.013534,0.0,0.0,0.087622,0.0,0.0,0.087622,0.0,0.0,0.087622,1.0,0.986466,1.0,,,
holdem,B3_within_seed_reps,BRANCH_A,360,40,0,40,67,0,0,67,0,0,0,0,0,0.0,0.0,0.054226,0.111111,0.082665,0.147769,0.0,0.0,0.010558,0.111111,0.082665,0.147769,1.0,0.945774,1.0,,,
holdem,B3_within_seed_reps,BRANCH_B,160,0,0,0,80,40,0,40,187,0,187,0,0,0.5,0.392974,0.607026,0.0,0.0,0.023446,0.0,0.0,0.023446,0.0,0.0,0.023446,0.5,0.392974,0.607026,1.0,0.979871,1.0
holdem,B3_within_seed_reps,BRANCH_C,267,227,0,227,160,160,0,0,0,0,0,0,0,1.0,0.976554,1.0,0.850187,0.802428,0.888013,0.0,0.0,0.014183,0.850187,0.802428,0.888013,0.0,0.0,0.023446,,,
holdem,B3_within_seed_reps,BRANCH_D,227,0,0,0,200,0,0,200,0,0,0,0,0,0.0,0.0,0.018845,0.0,0.0,0.016641,0.0,0.0,0.016641,0.0,0.0,0.016641,1.0,0.981155,1.0,,,
holdem,B3_within_seed_reps,BRANCH_E,40,0,0,0,280,0,0,280,0,0,0,0,107,0.0,0.0,0.013534,0.0,0.0,0.087622,0.0,0.0,0.087622,0.0,0.0,0.087622,1.0,0.986466,1.0,,,
holdem,B4_unpaired,BRANCH_A,360,0,0,0,67,0,0,67,0,0,0,0,0,0.0,0.0,0.054226,0.0,0.0,0.010558,0.0,0.0,0.010558,0.0,0.0,0.010558,1.0,0.945774,1.0,,,
holdem,B4_unpaired,BRANCH_B,160,160,160,0,80,0,80,0,187,187,0,0,0,0.0,0.0,0.045818,1.0,0.976554,1.0,1.0,0.976554,1.0,0.0,0.0,0.023446,0.0,0.0,0.045818,0.0,0.0,0.020129
holdem,B4_unpaired,BRANCH_C,267,267,267,0,160,0,160,0,0,0,0,0,0,0.0,0.0,0.023446,1.0,0.985817,1.0,1.0,0.985817,1.0,0.0,0.0,0.014183,0.0,0.0,0.023446,,,
holdem,B4_unpaired,BRANCH_D,227,227,0,227,200,200,0,0,0,0,0,0,0,1.0,0.981155,1.0,1.0,0.983359,1.0,0.0,0.0,0.016641,1.0,0.983359,1.0,0.0,0.0,0.018845,,,
holdem,B4_unpaired,BRANCH_E,40,40,0,40,280,280,0,0,0,0,0,0,107,1.0,0.986466,1.0,1.0,0.912378,1.0,0.0,0.0,0.087622,1.0,0.912378,1.0,0.0,0.0,0.013534,,,
holdem,B5_cluster_hier,BRANCH_A,360,0,0,0,67,0,0,67,0,0,0,0,0,0.0,0.0,0.054226,0.0,0.0,0.010558,0.0,0.0,0.010558,0.0,0.0,0.010558,1.0,0.945774,1.0,,,
holdem,B5_cluster_hier,BRANCH_B,160,0,0,0,80,80,0,0,187,0,187,0,0,1.0,0.954182,1.0,0.0,0.0,0.023446,0.0,0.0,0.023446,0.0,0.0,0.023446,0.0,0.0,0.045818,1.0,0.979871,1.0
holdem,B5_cluster_hier,BRANCH_C,267,0,0,0,160,0,0,160,0,0,0,0,0,0.0,0.0,0.023446,0.0,0.0,0.014183,0.0,0.0,0.014183,0.0,0.0,0.014183,1.0,0.976554,1.0,,,
holdem,B5_cluster_hier,BRANCH_D,227,0,0,0,200,0,0,200,0,0,0,0,0,0.0,0.0,0.018845,0.0,0.0,0.016641,0.0,0.0,0.016641,0.0,0.0,0.016641,1.0,0.981155,1.0,,,
holdem,B5_cluster_hier,BRANCH_E,40,0,0,0,280,0,0,280,0,0,0,0,107,0.0,0.0,0.013534,0.0,0.0,0.087622,0.0,0.0,0.087622,0.0,0.0,0.087622,1.0,0.986466,1.0,,,
holdem,B6_event_keyed_wb,BRANCH_A,360,0,0,0,67,0,0,67,0,0,0,0,0,0.0,0.0,0.054226,0.0,0.0,0.010558,0.0,0.0,0.010558,0.0,0.0,0.010558,1.0,0.945774,1.0,,,
holdem,B6_event_keyed_wb,BRANCH_B,160,0,0,0,80,0,0,80,187,0,187,0,0,0.0,0.0,0.045818,0.0,0.0,0.023446,0.0,0.0,0.023446,0.0,0.0,0.023446,1.0,0.954182,1.0,1.0,0.979871,1.0
holdem,B6_event_keyed_wb,BRANCH_C,267,0,0,0,160,0,0,160,0,0,0,0,0,0.0,0.0,0.023446,0.0,0.0,0.014183,0.0,0.0,0.014183,0.0,0.0,0.014183,1.0,0.976554,1.0,,,
holdem,B6_event_keyed_wb,BRANCH_D,227,187,187,0,200,40,160,0,0,0,0,0,0,0.2,0.150452,0.260855,0.823789,0.768957,0.867844,0.823789,0.768957,0.867844,0.0,0.0,0.016641,0.0,0.0,0.018845,,,
holdem,B6_event_keyed_wb,BRANCH_E,40,0,0,0,280,40,240,0,0,0,0,0,107,0.142857,0.106696,0.188685,0.0,0.0,0.087622,0.0,0.0,0.087622,0.0,0.0,0.087622,0.0,0.0,0.013534,,,
holdem,B7_csvf_full,BRANCH_A,360,0,0,0,67,67,0,0,0,0,0,0,0,1.0,0.945774,1.0,0.0,0.0,0.010558,0.0,0.0,0.010558,0.0,0.0,0.010558,0.0,0.0,0.054226,,,
holdem,B7_csvf_full,BRANCH_B,160,0,0,0,80,80,0,0,187,184,3,0,0,1.0,0.954182,1.0,0.0,0.0,0.023446,0.0,0.0,0.023446,0.0,0.0,0.023446,0.0,0.0,0.045818,0.016043,0.005471,0.046098
holdem,B7_csvf_full,BRANCH_C,267,0,0,0,160,156,0,4,0,0,0,0,0,0.975,0.93749,0.990236,0.0,0.0,0.014183,0.0,0.0,0.014183,0.0,0.0,0.014183,0.025,0.009764,0.06251,,,
holdem,B7_csvf_full,BRANCH_D,227,0,0,0,200,197,0,3,0,0,0,0,0,0.985,0.956834,0.994886,0.0,0.0,0.016641,0.0,0.0,0.016641,0.0,0.0,0.016641,0.015,0.005114,0.043166,,,
holdem,B7_csvf_full,BRANCH_E,40,0,0,0,280,280,0,0,0,0,0,0,107,1.0,0.986466,1.0,0.0,0.0,0.087622,0.0,0.0,0.087622,0.0,0.0,0.087622,0.0,0.0,0.013534,,,
ising,B0_schedule_only,BRANCH_A,360,40,0,40,67,0,0,67,0,0,0,0,0,0.0,0.0,0.054226,0.111111,0.082665,0.147769,0.0,0.0,0.010558,0.111111,0.082665,0.147769,1.0,0.945774,1.0,,,
ising,B0_schedule_only,BRANCH_B,160,0,0,0,80,40,0,40,187,0,187,0,0,0.5,0.392974,0.607026,0.0,0.0,0.023446,0.0,0.0,0.023446,0.0,0.0,0.023446,0.5,0.392974,0.607026,1.0,0.979871,1.0
ising,B0_schedule_only,BRANCH_C,267,0,0,0,160,0,0,160,0,0,0,0,0,0.0,0.0,0.023446,0.0,0.0,0.014183,0.0,0.0,0.014183,0.0,0.0,0.014183,1.0,0.976554,1.0,,,
ising,B0_schedule_only,BRANCH_D,227,0,0,0,200,0,0,200,0,0,0,0,0,0.0,0.0,0.018845,0.0,0.0,0.016641,0.0,0.0,0.016641,0.0,0.0,0.016641,1.0,0.981155,1.0,,,
ising,B0_schedule_only,BRANCH_E,40,0,0,0,280,0,0,280,0,0,0,0,107,0.0,0.0,0.013534,0.0,0.0,0.087622,0.0,0.0,0.087622,0.0,0.0,0.087622,1.0,0.986466,1.0,,,
ising,B1_outcome_aa,BRANCH_A,360,40,0,40,67,0,0,67,0,0,0,0,0,0.0,0.0,0.054226,0.111111,0.082665,0.147769,0.0,0.0,0.010558,0.111111,0.082665,0.147769,1.0,0.945774,1.0,,,
ising,B1_outcome_aa,BRANCH_B,160,0,0,0,80,40,0,40,187,0,187,0,0,0.5,0.392974,0.607026,0.0,0.0,0.023446,0.0,0.0,0.023446,0.0,0.0,0.023446,0.5,0.392974,0.607026,1.0,0.979871,1.0
ising,B1_outcome_aa,BRANCH_C,267,0,0,0,160,0,0,160,0,0,0,0,0,0.0,0.0,0.023446,0.0,0.0,0.014183,0.0,0.0,0.014183,0.0,0.0,0.014183,1.0,0.976554,1.0,,,
ising,B1_outcome_aa,BRANCH_D,227,0,0,0,200,0,0,200,0,0,0,0,0,0.0,0.0,0.018845,0.0,0.0,0.016641,0.0,0.0,0.016641,0.0,0.0,0.016641,1.0,0.981155,1.0,,,
ising,B1_outcome_aa,BRANCH_E,40,0,0,0,280,0,0,280,0,0,0,0,107,0.0,0.0,0.013534,0.0,0.0,0.087622,0.0,0.0,0.087622,0.0,0.0,0.087622,1.0,0.986466,1.0,,,
ising,B2_trace_aa,BRANCH_A,360,40,0,40,67,0,0,67,0,0,0,0,0,0.0,0.0,0.054226,0.111111,0.082665,0.147769,0.0,0.0,0.010558,0.111111,0.082665,0.147769,1.0,0.945774,1.0,,,
ising,B2_trace_aa,BRANCH_B,160,0,0,0,80,40,0,40,187,0,187,0,0,0.5,0.392974,0.607026,0.0,0.0,0.023446,0.0,0.0,0.023446,0.0,0.0,0.023446,0.5,0.392974,0.607026,1.0,0.979871,1.0
ising,B2_trace_aa,BRANCH_C,267,0,0,0,160,0,0,160,0,0,0,0,0,0.0,0.0,0.023446,0.0,0.0,0.014183,0.0,0.0,0.014183,0.0,0.0,0.014183,1.0,0.976554,1.0,,,
ising,B2_trace_aa,BRANCH_D,227,0,0,0,200,0,0,200,0,0,0,0,0,0.0,0.0,0.018845,0.0,0.0,0.016641,0.0,0.0,0.016641,0.0,0.0,0.016641,1.0,0.981155,1.0,,,
ising,B2_trace_aa,BRANCH_E,40,0,0,0,280,0,0,280,0,0,0,0,107,0.0,0.0,0.013534,0.0,0.0,0.087622,0.0,0.0,0.087622,0.0,0.0,0.087622,1.0,0.986466,1.0,,,
ising,B3_within_seed_reps,BRANCH_A,360,40,0,40,67,0,0,67,0,0,0,0,0,0.0,0.0,0.054226,0.111111,0.082665,0.147769,0.0,0.0,0.010558,0.111111,0.082665,0.147769,1.0,0.945774,1.0,,,
ising,B3_within_seed_reps,BRANCH_B,160,0,0,0,80,40,0,40,187,0,187,0,0,0.5,0.392974,0.607026,0.0,0.0,0.023446,0.0,0.0,0.023446,0.0,0.0,0.023446,0.5,0.392974,0.607026,1.0,0.979871,1.0
ising,B3_within_seed_reps,BRANCH_C,267,227,0,227,160,120,0,40,0,0,0,0,0,0.75,0.677576,0.810701,0.850187,0.802428,0.888013,0.0,0.0,0.014183,0.850187,0.802428,0.888013,0.25,0.189299,0.322424,,,
ising,B3_within_seed_reps,BRANCH_D,227,0,0,0,200,0,0,200,0,0,0,0,0,0.0,0.0,0.018845,0.0,0.0,0.016641,0.0,0.0,0.016641,0.0,0.0,0.016641,1.0,0.981155,1.0,,,
ising,B3_within_seed_reps,BRANCH_E,40,0,0,0,280,0,0,280,0,0,0,0,107,0.0,0.0,0.013534,0.0,0.0,0.087622,0.0,0.0,0.087622,0.0,0.0,0.087622,1.0,0.986466,1.0,,,
ising,B4_unpaired,BRANCH_A,360,0,0,0,67,0,0,67,0,0,0,0,0,0.0,0.0,0.054226,0.0,0.0,0.010558,0.0,0.0,0.010558,0.0,0.0,0.010558,1.0,0.945774,1.0,,,
ising,B4_unpaired,BRANCH_B,160,160,160,0,80,0,80,0,187,187,0,0,0,0.0,0.0,0.045818,1.0,0.976554,1.0,1.0,0.976554,1.0,0.0,0.0,0.023446,0.0,0.0,0.045818,0.0,0.0,0.020129
ising,B4_unpaired,BRANCH_C,267,267,267,0,160,0,160,0,0,0,0,0,0,0.0,0.0,0.023446,1.0,0.985817,1.0,1.0,0.985817,1.0,0.0,0.0,0.014183,0.0,0.0,0.023446,,,
ising,B4_unpaired,BRANCH_D,227,227,0,227,200,200,0,0,0,0,0,0,0,1.0,0.981155,1.0,1.0,0.983359,1.0,0.0,0.0,0.016641,1.0,0.983359,1.0,0.0,0.0,0.018845,,,
ising,B4_unpaired,BRANCH_E,40,40,0,40,280,280,0,0,0,0,0,0,107,1.0,0.986466,1.0,1.0,0.912378,1.0,0.0,0.0,0.087622,1.0,0.912378,1.0,0.0,0.0,0.013534,,,
ising,B5_cluster_hier,BRANCH_A,360,0,0,0,67,0,0,67,0,0,0,0,0,0.0,0.0,0.054226,0.0,0.0,0.010558,0.0,0.0,0.010558,0.0,0.0,0.010558,1.0,0.945774,1.0,,,
ising,B5_cluster_hier,BRANCH_B,160,0,0,0,80,80,0,0,187,0,187,0,0,1.0,0.954182,1.0,0.0,0.0,0.023446,0.0,0.0,0.023446,0.0,0.0,0.023446,0.0,0.0,0.045818,1.0,0.979871,1.0
ising,B5_cluster_hier,BRANCH_C,267,0,0,0,160,0,0,160,0,0,0,0,0,0.0,0.0,0.023446,0.0,0.0,0.014183,0.0,0.0,0.014183,0.0,0.0,0.014183,1.0,0.976554,1.0,,,
ising,B5_cluster_hier,BRANCH_D,227,0,0,0,200,0,0,200,0,0,0,0,0,0.0,0.0,0.018845,0.0,0.0,0.016641,0.0,0.0,0.016641,0.0,0.0,0.016641,1.0,0.981155,1.0,,,
ising,B5_cluster_hier,BRANCH_E,40,0,0,0,280,0,0,280,0,0,0,0,107,0.0,0.0,0.013534,0.0,0.0,0.087622,0.0,0.0,0.087622,0.0,0.0,0.087622,1.0,0.986466,1.0,,,
ising,B6_event_keyed_wb,BRANCH_A,360,0,0,0,67,0,0,67,0,0,0,0,0,0.0,0.0,0.054226,0.0,0.0,0.010558,0.0,0.0,0.010558,0.0,0.0,0.010558,1.0,0.945774,1.0,,,
ising,B6_event_keyed_wb,BRANCH_B,160,0,0,0,80,0,0,80,187,0,187,0,0,0.0,0.0,0.045818,0.0,0.0,0.023446,0.0,0.0,0.023446,0.0,0.0,0.023446,1.0,0.954182,1.0,1.0,0.979871,1.0
ising,B6_event_keyed_wb,BRANCH_C,267,0,0,0,160,0,0,160,0,0,0,0,0,0.0,0.0,0.023446,0.0,0.0,0.014183,0.0,0.0,0.014183,0.0,0.0,0.014183,1.0,0.976554,1.0,,,
ising,B6_event_keyed_wb,BRANCH_D,227,187,187,0,200,40,160,0,0,0,0,0,0,0.2,0.150452,0.260855,0.823789,0.768957,0.867844,0.823789,0.768957,0.867844,0.0,0.0,0.016641,0.0,0.0,0.018845,,,
ising,B6_event_keyed_wb,BRANCH_E,40,0,0,0,280,40,240,0,0,0,0,0,107,0.142857,0.106696,0.188685,0.0,0.0,0.087622,0.0,0.0,0.087622,0.0,0.0,0.087622,0.0,0.0,0.013534,,,
ising,B7_csvf_full,BRANCH_A,360,0,0,0,67,67,0,0,0,0,0,0,0,1.0,0.945774,1.0,0.0,0.0,0.010558,0.0,0.0,0.010558,0.0,0.0,0.010558,0.0,0.0,0.054226,,,
ising,B7_csvf_full,BRANCH_B,160,120,120,0,80,80,0,0,187,187,0,0,0,1.0,0.954182,1.0,0.75,0.677576,0.810701,0.75,0.677576,0.810701,0.0,0.0,0.023446,0.0,0.0,0.045818,0.0,0.0,0.020129
ising,B7_csvf_full,BRANCH_C,267,0,0,0,160,0,0,160,0,0,0,0,0,0.0,0.0,0.023446,0.0,0.0,0.014183,0.0,0.0,0.014183,0.0,0.0,0.014183,1.0,0.976554,1.0,,,
ising,B7_csvf_full,BRANCH_D,227,187,0,187,200,200,0,0,0,0,0,0,0,1.0,0.981155,1.0,0.823789,0.768957,0.867844,0.0,0.0,0.016641,0.823789,0.768957,0.867844,0.0,0.0,0.018845,,,
ising,B7_csvf_full,BRANCH_E,40,0,0,0,280,280,0,0,0,0,0,0,107,1.0,0.986466,1.0,0.0,0.0,0.087622,0.0,0.0,0.087622,0.0,0.0,0.087622,0.0,0.0,0.013534,,,
pooled,B0_schedule_only,BRANCH_A,720,80,0,80,134,0,0,134,0,0,0,0,0,0.0,0.0,0.027869,0.111111,0.090188,0.136162,0.0,0.0,0.005307,0.111111,0.090188,0.136162,1.0,0.972131,1.0,,,
pooled,B0_schedule_only,BRANCH_B,320,0,0,0,160,80,0,80,374,0,374,0,0,0.5,0.423439,0.576561,0.0,0.0,0.011862,0.0,0.0,0.011862,0.0,0.0,0.011862,0.5,0.423439,0.576561,1.0,0.989833,1.0
pooled,B0_schedule_only,BRANCH_C,534,0,0,0,320,0,0,320,0,0,0,0,0,0.0,0.0,0.011862,0.0,0.0,0.007142,0.0,0.0,0.007142,0.0,0.0,0.007142,1.0,0.988138,1.0,,,
pooled,B0_schedule_only,BRANCH_D,454,0,0,0,400,0,0,400,0,0,0,0,0,0.0,0.0,0.009512,0.0,0.0,0.00839,0.0,0.0,0.00839,0.0,0.0,0.00839,1.0,0.990488,1.0,,,
pooled,B0_schedule_only,BRANCH_E,80,0,0,0,560,0,0,560,0,0,0,0,214,0.0,0.0,0.006813,0.0,0.0,0.045818,0.0,0.0,0.045818,0.0,0.0,0.045818,1.0,0.993187,1.0,,,
pooled,B1_outcome_aa,BRANCH_A,720,80,0,80,134,0,0,134,0,0,0,0,0,0.0,0.0,0.027869,0.111111,0.090188,0.136162,0.0,0.0,0.005307,0.111111,0.090188,0.136162,1.0,0.972131,1.0,,,
pooled,B1_outcome_aa,BRANCH_B,320,0,0,0,160,80,0,80,374,0,374,0,0,0.5,0.423439,0.576561,0.0,0.0,0.011862,0.0,0.0,0.011862,0.0,0.0,0.011862,0.5,0.423439,0.576561,1.0,0.989833,1.0
pooled,B1_outcome_aa,BRANCH_C,534,0,0,0,320,0,0,320,0,0,0,0,0,0.0,0.0,0.011862,0.0,0.0,0.007142,0.0,0.0,0.007142,0.0,0.0,0.007142,1.0,0.988138,1.0,,,
pooled,B1_outcome_aa,BRANCH_D,454,0,0,0,400,0,0,400,0,0,0,0,0,0.0,0.0,0.009512,0.0,0.0,0.00839,0.0,0.0,0.00839,0.0,0.0,0.00839,1.0,0.990488,1.0,,,
pooled,B1_outcome_aa,BRANCH_E,80,0,0,0,560,0,0,560,0,0,0,0,214,0.0,0.0,0.006813,0.0,0.0,0.045818,0.0,0.0,0.045818,0.0,0.0,0.045818,1.0,0.993187,1.0,,,
pooled,B2_trace_aa,BRANCH_A,720,80,0,80,134,0,0,134,0,0,0,0,0,0.0,0.0,0.027869,0.111111,0.090188,0.136162,0.0,0.0,0.005307,0.111111,0.090188,0.136162,1.0,0.972131,1.0,,,
pooled,B2_trace_aa,BRANCH_B,320,0,0,0,160,80,0,80,374,0,374,0,0,0.5,0.423439,0.576561,0.0,0.0,0.011862,0.0,0.0,0.011862,0.0,0.0,0.011862,0.5,0.423439,0.576561,1.0,0.989833,1.0
pooled,B2_trace_aa,BRANCH_C,534,0,0,0,320,80,0,240,0,0,0,0,0,0.25,0.205711,0.30022,0.0,0.0,0.007142,0.0,0.0,0.007142,0.0,0.0,0.007142,0.75,0.69978,0.794289,,,
pooled,B2_trace_aa,BRANCH_D,454,0,0,0,400,0,0,400,0,0,0,0,0,0.0,0.0,0.009512,0.0,0.0,0.00839,0.0,0.0,0.00839,0.0,0.0,0.00839,1.0,0.990488,1.0,,,
pooled,B2_trace_aa,BRANCH_E,80,0,0,0,560,0,0,560,0,0,0,0,214,0.0,0.0,0.006813,0.0,0.0,0.045818,0.0,0.0,0.045818,0.0,0.0,0.045818,1.0,0.993187,1.0,,,
pooled,B3_within_seed_reps,BRANCH_A,720,80,0,80,134,0,0,134,0,0,0,0,0,0.0,0.0,0.027869,0.111111,0.090188,0.136162,0.0,0.0,0.005307,0.111111,0.090188,0.136162,1.0,0.972131,1.0,,,
pooled,B3_within_seed_reps,BRANCH_B,320,0,0,0,160,80,0,80,374,0,374,0,0,0.5,0.423439,0.576561,0.0,0.0,0.011862,0.0,0.0,0.011862,0.0,0.0,0.011862,0.5,0.423439,0.576561,1.0,0.989833,1.0
pooled,B3_within_seed_reps,BRANCH_C,534,454,0,454,320,280,0,40,0,0,0,0,0,0.875,0.834258,0.906845,0.850187,0.817421,0.877951,0.0,0.0,0.007142,0.850187,0.817421,0.877951,0.125,0.093155,0.165742,,,
pooled,B3_within_seed_reps,BRANCH_D,454,0,0,0,400,0,0,400,0,0,0,0,0,0.0,0.0,0.009512,0.0,0.0,0.00839,0.0,0.0,0.00839,0.0,0.0,0.00839,1.0,0.990488,1.0,,,
pooled,B3_within_seed_reps,BRANCH_E,80,0,0,0,560,0,0,560,0,0,0,0,214,0.0,0.0,0.006813,0.0,0.0,0.045818,0.0,0.0,0.045818,0.0,0.0,0.045818,1.0,0.993187,1.0,,,
pooled,B4_unpaired,BRANCH_A,720,0,0,0,134,0,0,134,0,0,0,0,0,0.0,0.0,0.027869,0.0,0.0,0.005307,0.0,0.0,0.005307,0.0,0.0,0.005307,1.0,0.972131,1.0,,,
pooled,B4_unpaired,BRANCH_B,320,320,320,0,160,0,160,0,374,374,0,0,0,0.0,0.0,0.023446,1.0,0.988138,1.0,1.0,0.988138,1.0,0.0,0.0,0.011862,0.0,0.0,0.023446,0.0,0.0,0.010167
pooled,B4_unpaired,BRANCH_C,534,534,534,0,320,0,320,0,0,0,0,0,0,0.0,0.0,0.011862,1.0,0.992858,1.0,1.0,0.992858,1.0,0.0,0.0,0.007142,0.0,0.0,0.011862,,,
pooled,B4_unpaired,BRANCH_D,454,454,0,454,400,400,0,0,0,0,0,0,0,1.0,0.990488,1.0,1.0,0.99161,1.0,0.0,0.0,0.00839,1.0,0.99161,1.0,0.0,0.0,0.009512,,,
pooled,B4_unpaired,BRANCH_E,80,80,0,80,560,560,0,0,0,0,0,0,214,1.0,0.993187,1.0,1.0,0.954182,1.0,0.0,0.0,0.045818,1.0,0.954182,1.0,0.0,0.0,0.006813,,,
pooled,B5_cluster_hier,BRANCH_A,720,0,0,0,134,0,0,134,0,0,0,0,0,0.0,0.0,0.027869,0.0,0.0,0.005307,0.0,0.0,0.005307,0.0,0.0,0.005307,1.0,0.972131,1.0,,,
pooled,B5_cluster_hier,BRANCH_B,320,0,0,0,160,160,0,0,374,0,374,0,0,1.0,0.976554,1.0,0.0,0.0,0.011862,0.0,0.0,0.011862,0.0,0.0,0.011862,0.0,0.0,0.023446,1.0,0.989833,1.0
pooled,B5_cluster_hier,BRANCH_C,534,0,0,0,320,0,0,320,0,0,0,0,0,0.0,0.0,0.011862,0.0,0.0,0.007142,0.0,0.0,0.007142,0.0,0.0,0.007142,1.0,0.988138,1.0,,,
pooled,B5_cluster_hier,BRANCH_D,454,0,0,0,400,0,0,400,0,0,0,0,0,0.0,0.0,0.009512,0.0,0.0,0.00839,0.0,0.0,0.00839,0.0,0.0,0.00839,1.0,0.990488,1.0,,,
pooled,B5_cluster_hier,BRANCH_E,80,0,0,0,560,0,0,560,0,0,0,0,214,0.0,0.0,0.006813,0.0,0.0,0.045818,0.0,0.0,0.045818,0.0,0.0,0.045818,1.0,0.993187,1.0,,,
pooled,B6_event_keyed_wb,BRANCH_A,720,0,0,0,134,0,0,134,0,0,0,0,0,0.0,0.0,0.027869,0.0,0.0,0.005307,0.0,0.0,0.005307,0.0,0.0,0.005307,1.0,0.972131,1.0,,,
pooled,B6_event_keyed_wb,BRANCH_B,320,0,0,0,160,0,0,160,374,0,374,0,0,0.0,0.0,0.023446,0.0,0.0,0.011862,0.0,0.0,0.011862,0.0,0.0,0.011862,1.0,0.976554,1.0,1.0,0.989833,1.0
pooled,B6_event_keyed_wb,BRANCH_C,534,0,0,0,320,0,0,320,0,0,0,0,0,0.0,0.0,0.011862,0.0,0.0,0.007142,0.0,0.0,0.007142,0.0,0.0,0.007142,1.0,0.988138,1.0,,,
pooled,B6_event_keyed_wb,BRANCH_D,454,374,374,0,400,80,320,0,0,0,0,0,0,0.2,0.163737,0.24197,0.823789,0.786067,0.856077,0.823789,0.786067,0.856077,0.0,0.0,0.00839,0.0,0.0,0.009512,,,
pooled,B6_event_keyed_wb,BRANCH_E,80,0,0,0,560,80,480,0,0,0,0,0,214,0.142857,0.116305,0.174276,0.0,0.0,0.045818,0.0,0.0,0.045818,0.0,0.0,0.045818,0.0,0.0,0.006813,,,
pooled,B7_csvf_full,BRANCH_A,720,0,0,0,134,134,0,0,0,0,0,0,0,1.0,0.972131,1.0,0.0,0.0,0.005307,0.0,0.0,0.005307,0.0,0.0,0.005307,0.0,0.0,0.027869,,,
pooled,B7_csvf_full,BRANCH_B,320,120,120,0,160,160,0,0,374,371,3,0,0,1.0,0.976554,1.0,0.375,0.323734,0.429231,0.375,0.323734,0.429231,0.0,0.0,0.011862,0.0,0.0,0.023446,0.008021,0.002732,0.023315
pooled,B7_csvf_full,BRANCH_C,534,0,0,0,320,156,0,164,0,0,0,0,0,0.4875,0.433208,0.542088,0.0,0.0,0.007142,0.0,0.0,0.007142,0.0,0.0,0.007142,0.5125,0.457912,0.566792,,,
pooled,B7_csvf_full,BRANCH_D,454,187,0,187,400,397,0,3,0,0,0,0,0,0.9925,0.978184,0.997446,0.411894,0.367545,0.457722,0.0,0.0,0.00839,0.411894,0.367545,0.457722,0.0075,0.002554,0.021816,,,
pooled,B7_csvf_full,BRANCH_E,80,0,0,0,560,560,0,0,0,0,0,0,214,1.0,0.993187,1.0,0.0,0.0,0.045818,0.0,0.0,0.045818,0.0,0.0,0.045818,0.0,0.0,0.006813,,,
