claim_id,manuscript_section,proposed_claim,status,raw_source,json_or_line_locator,branch,commit,artifact_sha256,calculation_script,verified_value,unit,sample_size,statistical_method,limitations,include_or_omit
BASE-001,Environment and frozen baseline,C0 is A2 plus deterministic Damage V0 runtime logic; all order-policy files use the same A2 weights.,VERIFIED,artifacts/overnight_20260816/frozen_hashes.json; artifacts/Matched_final_escape/decision.json,policy/control entries and decision fields,final/overnight-20260816,b7ce5ba7578b125e9fc6fa25b57c33a91c00dddf,0dcd77c2a1f257730996cde774bfbd3cc3a67a69e39e6ac4aa133be2e115a7a8; 6441f1486773b92ab3caa83be7485cdb93cc5f098c8052b100cc98ddd2907a95,direct hashing,A2 model b19871a9...b6bda8; C0 tree 13426288...535c3,SHA-256,3 policy files,byte hashing and source inspection,C0 package is ignored locally; tracked inventory corroborates the bytes.,INCLUDE
BASE-002,Environment and frozen baseline,EXP23 packages byte-identical trained output-module weights in all three order-policy files.,VERIFIED,artifacts/overnight_20260816/frozen_hashes.json; artifacts/final_sprint/exp23_identity_trained.tar.gz,candidate entries and archive members,final/overnight-20260816,05657c656c04d88b0352bb0db6f9e2a5dce4b234,0dcd77c2a1f257730996cde774bfbd3cc3a67a69e39e6ac4aa133be2e115a7a8; 0734b60c089eea9c2e40550b8e9c6dc3983957210794ba245c4c00bd9d4e7096,direct hashing,model cefe6118...96984; tree 83489e0c...7f1c0,SHA-256,3 policy files,byte and tree hashing,Package manifest contains stale A2 hashes; actual member bytes are authoritative.,INCLUDE
REP-001,Representation defect,Historical ordinary PLAY options omitted the actual hand-card identity; the repair binds hand[option.index] to source_card.,VERIFIED,ptcg_ai/features.py; artifacts/final_sprint/exp23_identity_trained/ptcg_ai/features.py,option_source_card and PLAY binding branch,paper/aps-open-science-202608,4c868358041285df7795a756a6aa41a48e67145e,ef57bb72d1e435d3875e7f37347b2c9a569cbaa42b0c159074888124017d0294; c6ac2f1fac55c48d3896fcddd5d7407ae0fd10f55dd25e1ef96921486b554e02,source inspection,source_card: 0 -> hand[option.index].id for ordinary PLAY,code behavior,one bounded feature path,line-by-line source audit,Repair is flag-gated and EXP23 main.py enables the flag.,INCLUDE
REP-002,Representation defect,The flag changes only PLAY source identity in a mechanistic parity audit.,VERIFIED,artifacts/p0_parity.json,root fields,main,1c5d52a1e151c1a7d630d1f098fa84f6058d1ca3,422a1da8d125078838dc7df928d9e34c83dd8ddcbe3575fc3bc79517064f6c59,historical parity audit,"4,659 decisions; 24,065 options; 2,853 values and 658 decisions changed; all MAIN",counts,"4,659 decisions",exact feature-array comparison,"Mechanistic encoder check, not matched training or gameplay.",INCLUDE
REP-003,Representation audit,Every retained ordinary PLAY option has source_card=0 under the reconstructed blind encoding and a positive source identity under the repaired encoding.,VERIFIED_WITH_CAVEAT,paper/data/representation_audit.json,$.corpus,paper/aps-open-science-202608,52df476feff2511945170cf21f135e710f002df3,74604f5ebfe4e8d6355c1b56ef56b234ff3e79da876c5b91366587f4a1adda6d,paper/scripts/audit_representation.py,"37,199/37,199 blind source coordinates zero; 37,199/37,199 repaired source coordinates positive",PLAY options,"47,653 decisions",deterministic retained-row transformation,"These retained feature rows have observation=null, so they cannot establish raw-observation binding correctness; that mechanistic claim rests on the separate parity/source audit. The corpus is outcome-selected and is not A2's original training corpus.",INCLUDE
REP-004,Representation audit,The blind input retains normalized hand index but omits the relation from that index to card identity; no exact within-state input collision was observed in the retained rows.,VERIFIED,paper/data/representation_audit.json,"$.corpus states_with_two_or_more_play_options, multi_play_option_states_with_unique_hand_indices, play_options_with_numeric_index_matching_raw, states_with_two_or_more_play_identities, and within_state_* fields",paper/aps-open-science-202608,52df476feff2511945170cf21f135e710f002df3,74604f5ebfe4e8d6355c1b56ef56b234ff3e79da876c5b91366587f4a1adda6d,paper/scripts/audit_representation.py,"index matched raw in 37,199/37,199 PLAY options; unique indices in 10,522/10,522 multi-PLAY states; 9,776/15,728 PLAY states had >=2 identities; exact duplicate groups/cross-identity groups/states/instances = 0/0/0/0",states/groups/percent,"47,653 decisions",exact feature signature grouping,"Zero exact collisions do not make the representation relationally sufficient: the option index is present, but the card identity occupying that index is absent.",INCLUDE
REP-005,Representation audit,C0 and EXP23 output modules disagree disproportionately in multi-identity PLAY states.,VERIFIED_WITH_CAVEAT,paper/data/representation_audit.json,$.head_disagreement,paper/aps-open-science-202608,52df476feff2511945170cf21f135e710f002df3,74604f5ebfe4e8d6355c1b56ef56b234ff3e79da876c5b91366587f4a1adda6d,paper/scripts/audit_representation.py,all 13.7%; multi 44.4%; other 5.8%,decision percent,"47,653 decisions",output-module-only index-exact deterministic inference,No runtime shields; association with a multi-identity state is not a gameplay causal effect.,INCLUDE
REP-CONFLICT-001,Representation audit,A corpus-wide repeated-signature count represented exact within-state action collisions.,CONFLICT,paper/data/representation_audit.json; paper/scripts/audit_representation.py,former global blind_groups aggregation and corrected $.corpus within-state fields,paper/aps-open-science-202608,dc392e7986c9c620d8a604ee582ed4b8bfd9ae10,74604f5ebfe4e8d6355c1b56ef56b234ff3e79da876c5b91366587f4a1adda6d; f304645bb75156d64ba33858d0ff78689417a1bbbf9d51835f7ae45037ebb87b,independent within-row recomputation and corrected paper/scripts/audit_representation.py,former 17 groups / 99.7% instances were cross-observation pattern reuse; corrected within-state result is 0 groups / 0 instances,groups/percent,"47,653 decisions",within-row exact option-head signature audit,"Shared state vectors differ across observations, so cross-row option-pattern reuse is not an action collision.",OMIT
DATA-001,Replay data and training,The retained refresh corpus is an outcome-selected winner/top-episode feature-row sample with fixed split counts and no stored raw observations.,VERIFIED_WITH_CAVEAT,artifacts/final_sprint/identity_train/train_manifest.json; artifacts/final_sprint/identity_train/merged_decisions.jsonl.gz,manifest counts and direct merged_decisions row scan,final/overnight-20260816,b7ce5ba7578b125e9fc6fa25b57c33a91c00dddf,8c13a5de5b34c3deec5909948fb8c03117048f0295140c48a0325550a9a1a774; a3d28e9c3ab650a1ec3c1cf708fc7684dc5258a86469d622871e7efe25dcdc40,paper/scripts/audit_representation.py and direct claim-ledger corpus scan,"47,653/47,653 rows reward=1, source=daily_top_episode, observation=null; 38,254 train; 3,361 internal validation; 6,038 six-team refresh holdout; 472 episodes; 69 team labels; 8 empty temporal stubs",decisions/episodes/teams,"47,653",manifest audit and exact direct row scan,"Winner/top-episode outcome selection is not a random expert sample; demonstrator expertise was not independently established. Null observations prevent reconstructing option-card bindings from these rows, and the nominal temporal holdout contains only empty stubs.",INCLUDE
TRAIN-001,Replay data and training,EXP23 updated only four output modules while freezing the remaining network; the A2 teacher consumed the same identity-aware cell encoding as the student.,VERIFIED,scripts/train_identity_fix.py; training/Matched4.py; artifacts/final_sprint/train_identity.log,"training call, optimizer, epoch logs",main,4c868358041285df7795a756a6aa41a48e67145e,a4a365e22ee8961769def375d76488208d63318488f1bb0311c4db53608236b0; 7239999b3ad821ab77a9c2c4a01286248b1fd8efdc99bb215d3100a633ba0a25; 463bf2331fa8393214ab8a00bf2b4fa052a744c4fe17e62ccf717c0b2f285716,source/log audit,lr 1e-4; 3 epochs; batch 256; seed 20260816; configured fresh .999; distillation .5; 8/19 arrays changed,hyperparameters/arrays,"38,254 rows per epoch",source plus log verification,One seed and one candidate; only option_linear/score/count/value output modules were trainable. The distillation teacher is not a blind-encoder counterfactual because it receives the cell's identity-aware features.,INCLUDE
TRAIN-002,Replay data and training,Configured 0.1% rehearsal was not realized.,VERIFIED,scripts/train_identity_fix.py; training/Matched4.py; artifacts/final_sprint/train_identity.log,mixed_row_batches rounding; epoch logs,main,4c868358041285df7795a756a6aa41a48e67145e,a4a365e22ee8961769def375d76488208d63318488f1bb0311c4db53608236b0; 7239999b3ad821ab77a9c2c4a01286248b1fd8efdc99bb215d3100a633ba0a25; 463bf2331fa8393214ab8a00bf2b4fa052a744c4fe17e62ccf717c0b2f285716,source/log audit,fresh_fraction 1.000; rehearsal_records 0 in each of 3 epochs,fraction/rows,3 epochs,integer batch rounding,"Conservatism derives from frozen trunk and KL anchoring, not rehearsal mixing.",INCLUDE
TRAIN-003,Four-cell ablation,"The blind-trained cell used the frozen transform and matched output-module training schedule; its A2 teacher and student both consumed the blind cell encoding, and only the final manifest-corrected package entered gameplay.",VERIFIED_WITH_CAVEAT,paper/data/ablation/training_report.json; paper/data/ablation/summary.json,training report root and $.overwritten_pre_gameplay_c3_caveat,paper/aps-open-science-202608,e60a2b6cc19f3b17bc119c3405de6bcc15196bd5,41dbf7bbd3da62cd307f21bc4a60e9b4596ae5c41f64396751134daa29832220; fadc6111654423dab62486e27d05636439b0647192fabe3786a69cd60a49e239,paper/scripts/train_blind_ablation.py and paper/scripts/analyze_ablation.py,"47,653 rows; 37,199 options zeroed; final model d22d0b52dd4fac875e93fa1b510733ac14be20acd1152974e147c6742480ab70; final tree 236afa20b4ced63169736fea616849fa564281c05e9435e4dd77ecfb4ae5fd54; 3 epochs; 0 rehearsal",rows/options/hash,"47,653",frozen deterministic transform and training,"The teacher is conditioned on the cell's blind-transformed inputs, not the identity-aware counterfactual. Reproduction begins from retained feature rows, not original replay observations. The first pre-gameplay C3 package/report/log was overwritten by the deterministic manifest-correction rerun; its first complete bytes no longer survive, and the report's frozen_protocol_commit field is the final training execution commit rather than the protocol-freeze commit.",INCLUDE
GAME-001,Primary results,"EXP23's prospectively specified, locally committed equal-weight fresh paired gameplay effect versus C0.",VERIFIED_WITH_CAVEAT,paper/data/fresh_confirmation/raw/Matched1.json; paper/data/fresh_confirmation/raw/Matched2.json; paper/data/fresh_confirmation/raw/Matched3.json; paper/data/fresh_confirmation/raw/Matched4.json; paper/data/fresh_confirmation/raw/Broader1.json; paper/data/fresh_confirmation/raw/Broader2.json; paper/data/fresh_confirmation/raw/Broader3.json; training/evaluate_deterministic_crn.py; artifacts/sprint_870/opponents/Broader1/agent/search.py; artifacts/sprint_870/opponents/Broader1/main.py; artifacts/sprint_870/opponents/Broader2/ptcg_ai/Broader2/search.py; artifacts/sprint_870/opponents/Broader2/main.py; vendor/cg/api.py; ptcg_ai/external.py,root rows joined by order and pair_index,paper/aps-open-science-202608,c17434252deb8fdc3b42b2c12a58f18ca646215e,3c161a3d52c0e2ee383cb6b7493ad5ded03ab320097bb6b184a7a71d086407fb; b2d325adbfa752ea2ef05cc0e6c001ca5b2624e70aa5b3230fe61f16f2032370; c52c072d1df4dd6d8dfbbf668d2aeeee553a50b6cb12b0157a523b1d9b2b9734; 1c31c89df874ba793112922026db322a2c24c30341b7d71b9562e87982e081ef; a25e535548268f23ec364de322a5b42566da35a4b0ada4eb6b6f3bf375457ab7; 3892c62c01a04a8b8c24a2d824827096c72ba7b543a97407e763d53b0dd0bac1; e414b58f370c6457e36dcd145c6dbbad80a2fad178ce3112a01fc533ca25bb65; fa60021b0906401aeb2c7c33e0f65f586eff256d83d689d688a86a40480e1341; 658ed0280ed70bad423d39b35a19a79491518fbbf2a82996ac9ac00d90204b6a; 7ce106340de055db14e283bf692d10d4ebbaff136d2825caa84c377175376537; 14fdb20b672aa16a6f7d02a1b923f4194d44c26f082ddddb288e729f64c2c291; 4f7dd46f778e75bc9d865619f2577129ab4ad4ae643a41e4b4876297760bbb5c; 593f1298e52a635f90f8f505a52113e9af114f444c293404e37906f18ee06ced; f18294f2e1ee60630fdcc8a63422aa1115365a0b31edeb4ffa6079a270944283,paper/scripts/analyze_results.py,"effect +2.79 pp; 95% CI [+0.68, +4.93]; McNemar p=0.0108277; discordant 496/418",percentage points,"2,800 pairs","100,000-draw paired bootstrap stratified over 14 frozen cells; exact two-sided pooled McNemar","Observed schedule-paired comparison limited to seven frozen opponents, this engine build, and one realized execution. This is not full common-random-number coupling. pooled discordant pairs; exact two-sided binomial test of conditional discordant-direction symmetry, sharper than the weak equal-mean-across-strata null The raw evaluator serializes hashes, workers, seeds, orders, seats, outcomes, and errors, but not max-decisions or opponent environment. The committed protocol and frozen runner command specify max-decisions=2000 and NO_SEARCH=1 for Broader 3; those two settings are not independently recoverable from rows. Candidate and control share the scheduled gameplay-engine seed, opponent, actual order, and physical seat, but execute as separate process-pool tasks. Search-enabled Broader1 and Broader2 use wall-clock deadlines and process-local native search state, so opponent-search randomness and runtime were not coupled. The paired-resampling interval and McNemar calculation are conditional on this one realized execution and do not capture run-to-run timing/native-state variation or cross-game worker dependence.",INCLUDE
GAME-C01,Primary results table,Fresh paired effect for Matched1 / first.,VERIFIED,paper/data/fresh_confirmation/raw/Matched1.json; paper/data/fresh_confirmation/raw/Matched2.json; paper/data/fresh_confirmation/raw/Matched3.json; paper/data/fresh_confirmation/raw/Matched4.json; paper/data/fresh_confirmation/raw/Broader1.json; paper/data/fresh_confirmation/raw/Broader2.json; paper/data/fresh_confirmation/raw/Broader3.json; training/evaluate_deterministic_crn.py; artifacts/sprint_870/opponents/Broader1/agent/search.py; artifacts/sprint_870/opponents/Broader1/main.py; artifacts/sprint_870/opponents/Broader2/ptcg_ai/Broader2/search.py; artifacts/sprint_870/opponents/Broader2/main.py; vendor/cg/api.py; ptcg_ai/external.py,matching source root rows,paper/aps-open-science-202608,c17434252deb8fdc3b42b2c12a58f18ca646215e,3c161a3d52c0e2ee383cb6b7493ad5ded03ab320097bb6b184a7a71d086407fb; b2d325adbfa752ea2ef05cc0e6c001ca5b2624e70aa5b3230fe61f16f2032370; c52c072d1df4dd6d8dfbbf668d2aeeee553a50b6cb12b0157a523b1d9b2b9734; 1c31c89df874ba793112922026db322a2c24c30341b7d71b9562e87982e081ef; a25e535548268f23ec364de322a5b42566da35a4b0ada4eb6b6f3bf375457ab7; 3892c62c01a04a8b8c24a2d824827096c72ba7b543a97407e763d53b0dd0bac1; e414b58f370c6457e36dcd145c6dbbad80a2fad178ce3112a01fc533ca25bb65; fa60021b0906401aeb2c7c33e0f65f586eff256d83d689d688a86a40480e1341; 658ed0280ed70bad423d39b35a19a79491518fbbf2a82996ac9ac00d90204b6a; 7ce106340de055db14e283bf692d10d4ebbaff136d2825caa84c377175376537; 14fdb20b672aa16a6f7d02a1b923f4194d44c26f082ddddb288e729f64c2c291; 4f7dd46f778e75bc9d865619f2577129ab4ad4ae643a41e4b4876297760bbb5c; 593f1298e52a635f90f8f505a52113e9af114f444c293404e37906f18ee06ced; f18294f2e1ee60630fdcc8a63422aa1115365a0b31edeb4ffa6079a270944283,paper/scripts/analyze_results.py,"+7.0 pp; CI [-1.5, +15.0]; Holm p=1",percentage points,200,paired bootstrap; exact McNemar; Holm over 14 cells,"Secondary cell estimate; multiplicity-adjusted and not population inference. The raw evaluator serializes hashes, workers, seeds, orders, seats, outcomes, and errors, but not max-decisions or opponent environment. The committed protocol and frozen runner command specify max-decisions=2000 and NO_SEARCH=1 for Broader 3; those two settings are not independently recoverable from rows. Candidate and control share the scheduled gameplay-engine seed, opponent, actual order, and physical seat, but execute as separate process-pool tasks. Search-enabled Broader1 and Broader2 use wall-clock deadlines and process-local native search state, so opponent-search randomness and runtime were not coupled. The paired-resampling interval and McNemar calculation are conditional on this one realized execution and do not capture run-to-run timing/native-state variation or cross-game worker dependence.",INCLUDE
GAME-C02,Primary results table,Fresh paired effect for Matched1 / second.,VERIFIED,paper/data/fresh_confirmation/raw/Matched1.json; paper/data/fresh_confirmation/raw/Matched2.json; paper/data/fresh_confirmation/raw/Matched3.json; paper/data/fresh_confirmation/raw/Matched4.json; paper/data/fresh_confirmation/raw/Broader1.json; paper/data/fresh_confirmation/raw/Broader2.json; paper/data/fresh_confirmation/raw/Broader3.json; training/evaluate_deterministic_crn.py; artifacts/sprint_870/opponents/Broader1/agent/search.py; artifacts/sprint_870/opponents/Broader1/main.py; artifacts/sprint_870/opponents/Broader2/ptcg_ai/Broader2/search.py; artifacts/sprint_870/opponents/Broader2/main.py; vendor/cg/api.py; ptcg_ai/external.py,matching source root rows,paper/aps-open-science-202608,c17434252deb8fdc3b42b2c12a58f18ca646215e,3c161a3d52c0e2ee383cb6b7493ad5ded03ab320097bb6b184a7a71d086407fb; b2d325adbfa752ea2ef05cc0e6c001ca5b2624e70aa5b3230fe61f16f2032370; c52c072d1df4dd6d8dfbbf668d2aeeee553a50b6cb12b0157a523b1d9b2b9734; 1c31c89df874ba793112922026db322a2c24c30341b7d71b9562e87982e081ef; a25e535548268f23ec364de322a5b42566da35a4b0ada4eb6b6f3bf375457ab7; 3892c62c01a04a8b8c24a2d824827096c72ba7b543a97407e763d53b0dd0bac1; e414b58f370c6457e36dcd145c6dbbad80a2fad178ce3112a01fc533ca25bb65; fa60021b0906401aeb2c7c33e0f65f586eff256d83d689d688a86a40480e1341; 658ed0280ed70bad423d39b35a19a79491518fbbf2a82996ac9ac00d90204b6a; 7ce106340de055db14e283bf692d10d4ebbaff136d2825caa84c377175376537; 14fdb20b672aa16a6f7d02a1b923f4194d44c26f082ddddb288e729f64c2c291; 4f7dd46f778e75bc9d865619f2577129ab4ad4ae643a41e4b4876297760bbb5c; 593f1298e52a635f90f8f505a52113e9af114f444c293404e37906f18ee06ced; f18294f2e1ee60630fdcc8a63422aa1115365a0b31edeb4ffa6079a270944283,paper/scripts/analyze_results.py,"+8.0 pp; CI [-0.5, +16.5]; Holm p=1",percentage points,200,paired bootstrap; exact McNemar; Holm over 14 cells,"Secondary cell estimate; multiplicity-adjusted and not population inference. The raw evaluator serializes hashes, workers, seeds, orders, seats, outcomes, and errors, but not max-decisions or opponent environment. The committed protocol and frozen runner command specify max-decisions=2000 and NO_SEARCH=1 for Broader 3; those two settings are not independently recoverable from rows. Candidate and control share the scheduled gameplay-engine seed, opponent, actual order, and physical seat, but execute as separate process-pool tasks. Search-enabled Broader1 and Broader2 use wall-clock deadlines and process-local native search state, so opponent-search randomness and runtime were not coupled. The paired-resampling interval and McNemar calculation are conditional on this one realized execution and do not capture run-to-run timing/native-state variation or cross-game worker dependence.",INCLUDE
GAME-C03,Primary results table,Fresh paired effect for Broader3 / first.,VERIFIED,paper/data/fresh_confirmation/raw/Matched1.json; paper/data/fresh_confirmation/raw/Matched2.json; paper/data/fresh_confirmation/raw/Matched3.json; paper/data/fresh_confirmation/raw/Matched4.json; paper/data/fresh_confirmation/raw/Broader1.json; paper/data/fresh_confirmation/raw/Broader2.json; paper/data/fresh_confirmation/raw/Broader3.json; training/evaluate_deterministic_crn.py; artifacts/sprint_870/opponents/Broader1/agent/search.py; artifacts/sprint_870/opponents/Broader1/main.py; artifacts/sprint_870/opponents/Broader2/ptcg_ai/Broader2/search.py; artifacts/sprint_870/opponents/Broader2/main.py; vendor/cg/api.py; ptcg_ai/external.py,matching source root rows,paper/aps-open-science-202608,c17434252deb8fdc3b42b2c12a58f18ca646215e,3c161a3d52c0e2ee383cb6b7493ad5ded03ab320097bb6b184a7a71d086407fb; b2d325adbfa752ea2ef05cc0e6c001ca5b2624e70aa5b3230fe61f16f2032370; c52c072d1df4dd6d8dfbbf668d2aeeee553a50b6cb12b0157a523b1d9b2b9734; 1c31c89df874ba793112922026db322a2c24c30341b7d71b9562e87982e081ef; a25e535548268f23ec364de322a5b42566da35a4b0ada4eb6b6f3bf375457ab7; 3892c62c01a04a8b8c24a2d824827096c72ba7b543a97407e763d53b0dd0bac1; e414b58f370c6457e36dcd145c6dbbad80a2fad178ce3112a01fc533ca25bb65; fa60021b0906401aeb2c7c33e0f65f586eff256d83d689d688a86a40480e1341; 658ed0280ed70bad423d39b35a19a79491518fbbf2a82996ac9ac00d90204b6a; 7ce106340de055db14e283bf692d10d4ebbaff136d2825caa84c377175376537; 14fdb20b672aa16a6f7d02a1b923f4194d44c26f082ddddb288e729f64c2c291; 4f7dd46f778e75bc9d865619f2577129ab4ad4ae643a41e4b4876297760bbb5c; 593f1298e52a635f90f8f505a52113e9af114f444c293404e37906f18ee06ced; f18294f2e1ee60630fdcc8a63422aa1115365a0b31edeb4ffa6079a270944283,paper/scripts/analyze_results.py,"+4.5 pp; CI [-0.5, +9.5]; Holm p=1",percentage points,200,paired bootstrap; exact McNemar; Holm over 14 cells,"Secondary cell estimate; multiplicity-adjusted and not population inference. The raw evaluator serializes hashes, workers, seeds, orders, seats, outcomes, and errors, but not max-decisions or opponent environment. The committed protocol and frozen runner command specify max-decisions=2000 and NO_SEARCH=1 for Broader 3; those two settings are not independently recoverable from rows. Candidate and control share the scheduled gameplay-engine seed, opponent, actual order, and physical seat, but execute as separate process-pool tasks. Search-enabled Broader1 and Broader2 use wall-clock deadlines and process-local native search state, so opponent-search randomness and runtime were not coupled. The paired-resampling interval and McNemar calculation are conditional on this one realized execution and do not capture run-to-run timing/native-state variation or cross-game worker dependence.",INCLUDE
GAME-C04,Primary results table,Fresh paired effect for Broader3 / second.,VERIFIED,paper/data/fresh_confirmation/raw/Matched1.json; paper/data/fresh_confirmation/raw/Matched2.json; paper/data/fresh_confirmation/raw/Matched3.json; paper/data/fresh_confirmation/raw/Matched4.json; paper/data/fresh_confirmation/raw/Broader1.json; paper/data/fresh_confirmation/raw/Broader2.json; paper/data/fresh_confirmation/raw/Broader3.json; training/evaluate_deterministic_crn.py; artifacts/sprint_870/opponents/Broader1/agent/search.py; artifacts/sprint_870/opponents/Broader1/main.py; artifacts/sprint_870/opponents/Broader2/ptcg_ai/Broader2/search.py; artifacts/sprint_870/opponents/Broader2/main.py; vendor/cg/api.py; ptcg_ai/external.py,matching source root rows,paper/aps-open-science-202608,c17434252deb8fdc3b42b2c12a58f18ca646215e,3c161a3d52c0e2ee383cb6b7493ad5ded03ab320097bb6b184a7a71d086407fb; b2d325adbfa752ea2ef05cc0e6c001ca5b2624e70aa5b3230fe61f16f2032370; c52c072d1df4dd6d8dfbbf668d2aeeee553a50b6cb12b0157a523b1d9b2b9734; 1c31c89df874ba793112922026db322a2c24c30341b7d71b9562e87982e081ef; a25e535548268f23ec364de322a5b42566da35a4b0ada4eb6b6f3bf375457ab7; 3892c62c01a04a8b8c24a2d824827096c72ba7b543a97407e763d53b0dd0bac1; e414b58f370c6457e36dcd145c6dbbad80a2fad178ce3112a01fc533ca25bb65; fa60021b0906401aeb2c7c33e0f65f586eff256d83d689d688a86a40480e1341; 658ed0280ed70bad423d39b35a19a79491518fbbf2a82996ac9ac00d90204b6a; 7ce106340de055db14e283bf692d10d4ebbaff136d2825caa84c377175376537; 14fdb20b672aa16a6f7d02a1b923f4194d44c26f082ddddb288e729f64c2c291; 4f7dd46f778e75bc9d865619f2577129ab4ad4ae643a41e4b4876297760bbb5c; 593f1298e52a635f90f8f505a52113e9af114f444c293404e37906f18ee06ced; f18294f2e1ee60630fdcc8a63422aa1115365a0b31edeb4ffa6079a270944283,paper/scripts/analyze_results.py,"+1.5 pp; CI [-4.5, +7.5]; Holm p=1",percentage points,200,paired bootstrap; exact McNemar; Holm over 14 cells,"Secondary cell estimate; multiplicity-adjusted and not population inference. The raw evaluator serializes hashes, workers, seeds, orders, seats, outcomes, and errors, but not max-decisions or opponent environment. The committed protocol and frozen runner command specify max-decisions=2000 and NO_SEARCH=1 for Broader 3; those two settings are not independently recoverable from rows. Candidate and control share the scheduled gameplay-engine seed, opponent, actual order, and physical seat, but execute as separate process-pool tasks. Search-enabled Broader1 and Broader2 use wall-clock deadlines and process-local native search state, so opponent-search randomness and runtime were not coupled. The paired-resampling interval and McNemar calculation are conditional on this one realized execution and do not capture run-to-run timing/native-state variation or cross-game worker dependence.",INCLUDE
GAME-C05,Primary results table,Fresh paired effect for Matched2 / first.,VERIFIED,paper/data/fresh_confirmation/raw/Matched1.json; paper/data/fresh_confirmation/raw/Matched2.json; paper/data/fresh_confirmation/raw/Matched3.json; paper/data/fresh_confirmation/raw/Matched4.json; paper/data/fresh_confirmation/raw/Broader1.json; paper/data/fresh_confirmation/raw/Broader2.json; paper/data/fresh_confirmation/raw/Broader3.json; training/evaluate_deterministic_crn.py; artifacts/sprint_870/opponents/Broader1/agent/search.py; artifacts/sprint_870/opponents/Broader1/main.py; artifacts/sprint_870/opponents/Broader2/ptcg_ai/Broader2/search.py; artifacts/sprint_870/opponents/Broader2/main.py; vendor/cg/api.py; ptcg_ai/external.py,matching source root rows,paper/aps-open-science-202608,c17434252deb8fdc3b42b2c12a58f18ca646215e,3c161a3d52c0e2ee383cb6b7493ad5ded03ab320097bb6b184a7a71d086407fb; b2d325adbfa752ea2ef05cc0e6c001ca5b2624e70aa5b3230fe61f16f2032370; c52c072d1df4dd6d8dfbbf668d2aeeee553a50b6cb12b0157a523b1d9b2b9734; 1c31c89df874ba793112922026db322a2c24c30341b7d71b9562e87982e081ef; a25e535548268f23ec364de322a5b42566da35a4b0ada4eb6b6f3bf375457ab7; 3892c62c01a04a8b8c24a2d824827096c72ba7b543a97407e763d53b0dd0bac1; e414b58f370c6457e36dcd145c6dbbad80a2fad178ce3112a01fc533ca25bb65; fa60021b0906401aeb2c7c33e0f65f586eff256d83d689d688a86a40480e1341; 658ed0280ed70bad423d39b35a19a79491518fbbf2a82996ac9ac00d90204b6a; 7ce106340de055db14e283bf692d10d4ebbaff136d2825caa84c377175376537; 14fdb20b672aa16a6f7d02a1b923f4194d44c26f082ddddb288e729f64c2c291; 4f7dd46f778e75bc9d865619f2577129ab4ad4ae643a41e4b4876297760bbb5c; 593f1298e52a635f90f8f505a52113e9af114f444c293404e37906f18ee06ced; f18294f2e1ee60630fdcc8a63422aa1115365a0b31edeb4ffa6079a270944283,paper/scripts/analyze_results.py,"+7.0 pp; CI [-1.5, +15.5]; Holm p=1",percentage points,200,paired bootstrap; exact McNemar; Holm over 14 cells,"Secondary cell estimate; multiplicity-adjusted and not population inference. The raw evaluator serializes hashes, workers, seeds, orders, seats, outcomes, and errors, but not max-decisions or opponent environment. The committed protocol and frozen runner command specify max-decisions=2000 and NO_SEARCH=1 for Broader 3; those two settings are not independently recoverable from rows. Candidate and control share the scheduled gameplay-engine seed, opponent, actual order, and physical seat, but execute as separate process-pool tasks. Search-enabled Broader1 and Broader2 use wall-clock deadlines and process-local native search state, so opponent-search randomness and runtime were not coupled. The paired-resampling interval and McNemar calculation are conditional on this one realized execution and do not capture run-to-run timing/native-state variation or cross-game worker dependence.",INCLUDE
GAME-C06,Primary results table,Fresh paired effect for Matched2 / second.,VERIFIED,paper/data/fresh_confirmation/raw/Matched1.json; paper/data/fresh_confirmation/raw/Matched2.json; paper/data/fresh_confirmation/raw/Matched3.json; paper/data/fresh_confirmation/raw/Matched4.json; paper/data/fresh_confirmation/raw/Broader1.json; paper/data/fresh_confirmation/raw/Broader2.json; paper/data/fresh_confirmation/raw/Broader3.json; training/evaluate_deterministic_crn.py; artifacts/sprint_870/opponents/Broader1/agent/search.py; artifacts/sprint_870/opponents/Broader1/main.py; artifacts/sprint_870/opponents/Broader2/ptcg_ai/Broader2/search.py; artifacts/sprint_870/opponents/Broader2/main.py; vendor/cg/api.py; ptcg_ai/external.py,matching source root rows,paper/aps-open-science-202608,c17434252deb8fdc3b42b2c12a58f18ca646215e,3c161a3d52c0e2ee383cb6b7493ad5ded03ab320097bb6b184a7a71d086407fb; b2d325adbfa752ea2ef05cc0e6c001ca5b2624e70aa5b3230fe61f16f2032370; c52c072d1df4dd6d8dfbbf668d2aeeee553a50b6cb12b0157a523b1d9b2b9734; 1c31c89df874ba793112922026db322a2c24c30341b7d71b9562e87982e081ef; a25e535548268f23ec364de322a5b42566da35a4b0ada4eb6b6f3bf375457ab7; 3892c62c01a04a8b8c24a2d824827096c72ba7b543a97407e763d53b0dd0bac1; e414b58f370c6457e36dcd145c6dbbad80a2fad178ce3112a01fc533ca25bb65; fa60021b0906401aeb2c7c33e0f65f586eff256d83d689d688a86a40480e1341; 658ed0280ed70bad423d39b35a19a79491518fbbf2a82996ac9ac00d90204b6a; 7ce106340de055db14e283bf692d10d4ebbaff136d2825caa84c377175376537; 14fdb20b672aa16a6f7d02a1b923f4194d44c26f082ddddb288e729f64c2c291; 4f7dd46f778e75bc9d865619f2577129ab4ad4ae643a41e4b4876297760bbb5c; 593f1298e52a635f90f8f505a52113e9af114f444c293404e37906f18ee06ced; f18294f2e1ee60630fdcc8a63422aa1115365a0b31edeb4ffa6079a270944283,paper/scripts/analyze_results.py,"-3.5 pp; CI [-12.0, +5.0]; Holm p=1",percentage points,200,paired bootstrap; exact McNemar; Holm over 14 cells,"Secondary cell estimate; multiplicity-adjusted and not population inference. The raw evaluator serializes hashes, workers, seeds, orders, seats, outcomes, and errors, but not max-decisions or opponent environment. The committed protocol and frozen runner command specify max-decisions=2000 and NO_SEARCH=1 for Broader 3; those two settings are not independently recoverable from rows. Candidate and control share the scheduled gameplay-engine seed, opponent, actual order, and physical seat, but execute as separate process-pool tasks. Search-enabled Broader1 and Broader2 use wall-clock deadlines and process-local native search state, so opponent-search randomness and runtime were not coupled. The paired-resampling interval and McNemar calculation are conditional on this one realized execution and do not capture run-to-run timing/native-state variation or cross-game worker dependence.",INCLUDE
GAME-C07,Primary results table,Fresh paired effect for Broader2 / first.,VERIFIED,paper/data/fresh_confirmation/raw/Matched1.json; paper/data/fresh_confirmation/raw/Matched2.json; paper/data/fresh_confirmation/raw/Matched3.json; paper/data/fresh_confirmation/raw/Matched4.json; paper/data/fresh_confirmation/raw/Broader1.json; paper/data/fresh_confirmation/raw/Broader2.json; paper/data/fresh_confirmation/raw/Broader3.json; training/evaluate_deterministic_crn.py; artifacts/sprint_870/opponents/Broader1/agent/search.py; artifacts/sprint_870/opponents/Broader1/main.py; artifacts/sprint_870/opponents/Broader2/ptcg_ai/Broader2/search.py; artifacts/sprint_870/opponents/Broader2/main.py; vendor/cg/api.py; ptcg_ai/external.py,matching source root rows,paper/aps-open-science-202608,c17434252deb8fdc3b42b2c12a58f18ca646215e,3c161a3d52c0e2ee383cb6b7493ad5ded03ab320097bb6b184a7a71d086407fb; b2d325adbfa752ea2ef05cc0e6c001ca5b2624e70aa5b3230fe61f16f2032370; c52c072d1df4dd6d8dfbbf668d2aeeee553a50b6cb12b0157a523b1d9b2b9734; 1c31c89df874ba793112922026db322a2c24c30341b7d71b9562e87982e081ef; a25e535548268f23ec364de322a5b42566da35a4b0ada4eb6b6f3bf375457ab7; 3892c62c01a04a8b8c24a2d824827096c72ba7b543a97407e763d53b0dd0bac1; e414b58f370c6457e36dcd145c6dbbad80a2fad178ce3112a01fc533ca25bb65; fa60021b0906401aeb2c7c33e0f65f586eff256d83d689d688a86a40480e1341; 658ed0280ed70bad423d39b35a19a79491518fbbf2a82996ac9ac00d90204b6a; 7ce106340de055db14e283bf692d10d4ebbaff136d2825caa84c377175376537; 14fdb20b672aa16a6f7d02a1b923f4194d44c26f082ddddb288e729f64c2c291; 4f7dd46f778e75bc9d865619f2577129ab4ad4ae643a41e4b4876297760bbb5c; 593f1298e52a635f90f8f505a52113e9af114f444c293404e37906f18ee06ced; f18294f2e1ee60630fdcc8a63422aa1115365a0b31edeb4ffa6079a270944283,paper/scripts/analyze_results.py,"-4.0 pp; CI [-11.5, +3.5]; Holm p=1",percentage points,200,paired bootstrap; exact McNemar; Holm over 14 cells,"Secondary cell estimate; multiplicity-adjusted and not population inference. The raw evaluator serializes hashes, workers, seeds, orders, seats, outcomes, and errors, but not max-decisions or opponent environment. The committed protocol and frozen runner command specify max-decisions=2000 and NO_SEARCH=1 for Broader 3; those two settings are not independently recoverable from rows. Candidate and control share the scheduled gameplay-engine seed, opponent, actual order, and physical seat, but execute as separate process-pool tasks. Search-enabled Broader1 and Broader2 use wall-clock deadlines and process-local native search state, so opponent-search randomness and runtime were not coupled. The paired-resampling interval and McNemar calculation are conditional on this one realized execution and do not capture run-to-run timing/native-state variation or cross-game worker dependence.",INCLUDE
GAME-C08,Primary results table,Fresh paired effect for Broader2 / second.,VERIFIED,paper/data/fresh_confirmation/raw/Matched1.json; paper/data/fresh_confirmation/raw/Matched2.json; paper/data/fresh_confirmation/raw/Matched3.json; paper/data/fresh_confirmation/raw/Matched4.json; paper/data/fresh_confirmation/raw/Broader1.json; paper/data/fresh_confirmation/raw/Broader2.json; paper/data/fresh_confirmation/raw/Broader3.json; training/evaluate_deterministic_crn.py; artifacts/sprint_870/opponents/Broader1/agent/search.py; artifacts/sprint_870/opponents/Broader1/main.py; artifacts/sprint_870/opponents/Broader2/ptcg_ai/Broader2/search.py; artifacts/sprint_870/opponents/Broader2/main.py; vendor/cg/api.py; ptcg_ai/external.py,matching source root rows,paper/aps-open-science-202608,c17434252deb8fdc3b42b2c12a58f18ca646215e,3c161a3d52c0e2ee383cb6b7493ad5ded03ab320097bb6b184a7a71d086407fb; b2d325adbfa752ea2ef05cc0e6c001ca5b2624e70aa5b3230fe61f16f2032370; c52c072d1df4dd6d8dfbbf668d2aeeee553a50b6cb12b0157a523b1d9b2b9734; 1c31c89df874ba793112922026db322a2c24c30341b7d71b9562e87982e081ef; a25e535548268f23ec364de322a5b42566da35a4b0ada4eb6b6f3bf375457ab7; 3892c62c01a04a8b8c24a2d824827096c72ba7b543a97407e763d53b0dd0bac1; e414b58f370c6457e36dcd145c6dbbad80a2fad178ce3112a01fc533ca25bb65; fa60021b0906401aeb2c7c33e0f65f586eff256d83d689d688a86a40480e1341; 658ed0280ed70bad423d39b35a19a79491518fbbf2a82996ac9ac00d90204b6a; 7ce106340de055db14e283bf692d10d4ebbaff136d2825caa84c377175376537; 14fdb20b672aa16a6f7d02a1b923f4194d44c26f082ddddb288e729f64c2c291; 4f7dd46f778e75bc9d865619f2577129ab4ad4ae643a41e4b4876297760bbb5c; 593f1298e52a635f90f8f505a52113e9af114f444c293404e37906f18ee06ced; f18294f2e1ee60630fdcc8a63422aa1115365a0b31edeb4ffa6079a270944283,paper/scripts/analyze_results.py,"-1.5 pp; CI [-9.0, +5.5]; Holm p=1",percentage points,200,paired bootstrap; exact McNemar; Holm over 14 cells,"Secondary cell estimate; multiplicity-adjusted and not population inference. The raw evaluator serializes hashes, workers, seeds, orders, seats, outcomes, and errors, but not max-decisions or opponent environment. The committed protocol and frozen runner command specify max-decisions=2000 and NO_SEARCH=1 for Broader 3; those two settings are not independently recoverable from rows. Candidate and control share the scheduled gameplay-engine seed, opponent, actual order, and physical seat, but execute as separate process-pool tasks. Search-enabled Broader1 and Broader2 use wall-clock deadlines and process-local native search state, so opponent-search randomness and runtime were not coupled. The paired-resampling interval and McNemar calculation are conditional on this one realized execution and do not capture run-to-run timing/native-state variation or cross-game worker dependence.",INCLUDE
GAME-C09,Primary results table,Fresh paired effect for Matched3 / first.,VERIFIED,paper/data/fresh_confirmation/raw/Matched1.json; paper/data/fresh_confirmation/raw/Matched2.json; paper/data/fresh_confirmation/raw/Matched3.json; paper/data/fresh_confirmation/raw/Matched4.json; paper/data/fresh_confirmation/raw/Broader1.json; paper/data/fresh_confirmation/raw/Broader2.json; paper/data/fresh_confirmation/raw/Broader3.json; training/evaluate_deterministic_crn.py; artifacts/sprint_870/opponents/Broader1/agent/search.py; artifacts/sprint_870/opponents/Broader1/main.py; artifacts/sprint_870/opponents/Broader2/ptcg_ai/Broader2/search.py; artifacts/sprint_870/opponents/Broader2/main.py; vendor/cg/api.py; ptcg_ai/external.py,matching source root rows,paper/aps-open-science-202608,c17434252deb8fdc3b42b2c12a58f18ca646215e,3c161a3d52c0e2ee383cb6b7493ad5ded03ab320097bb6b184a7a71d086407fb; b2d325adbfa752ea2ef05cc0e6c001ca5b2624e70aa5b3230fe61f16f2032370; c52c072d1df4dd6d8dfbbf668d2aeeee553a50b6cb12b0157a523b1d9b2b9734; 1c31c89df874ba793112922026db322a2c24c30341b7d71b9562e87982e081ef; a25e535548268f23ec364de322a5b42566da35a4b0ada4eb6b6f3bf375457ab7; 3892c62c01a04a8b8c24a2d824827096c72ba7b543a97407e763d53b0dd0bac1; e414b58f370c6457e36dcd145c6dbbad80a2fad178ce3112a01fc533ca25bb65; fa60021b0906401aeb2c7c33e0f65f586eff256d83d689d688a86a40480e1341; 658ed0280ed70bad423d39b35a19a79491518fbbf2a82996ac9ac00d90204b6a; 7ce106340de055db14e283bf692d10d4ebbaff136d2825caa84c377175376537; 14fdb20b672aa16a6f7d02a1b923f4194d44c26f082ddddb288e729f64c2c291; 4f7dd46f778e75bc9d865619f2577129ab4ad4ae643a41e4b4876297760bbb5c; 593f1298e52a635f90f8f505a52113e9af114f444c293404e37906f18ee06ced; f18294f2e1ee60630fdcc8a63422aa1115365a0b31edeb4ffa6079a270944283,paper/scripts/analyze_results.py,"-5.0 pp; CI [-13.5, +3.5]; Holm p=1",percentage points,200,paired bootstrap; exact McNemar; Holm over 14 cells,"Secondary cell estimate; multiplicity-adjusted and not population inference. The raw evaluator serializes hashes, workers, seeds, orders, seats, outcomes, and errors, but not max-decisions or opponent environment. The committed protocol and frozen runner command specify max-decisions=2000 and NO_SEARCH=1 for Broader 3; those two settings are not independently recoverable from rows. Candidate and control share the scheduled gameplay-engine seed, opponent, actual order, and physical seat, but execute as separate process-pool tasks. Search-enabled Broader1 and Broader2 use wall-clock deadlines and process-local native search state, so opponent-search randomness and runtime were not coupled. The paired-resampling interval and McNemar calculation are conditional on this one realized execution and do not capture run-to-run timing/native-state variation or cross-game worker dependence.",INCLUDE
GAME-C10,Primary results table,Fresh paired effect for Matched3 / second.,VERIFIED,paper/data/fresh_confirmation/raw/Matched1.json; paper/data/fresh_confirmation/raw/Matched2.json; paper/data/fresh_confirmation/raw/Matched3.json; paper/data/fresh_confirmation/raw/Matched4.json; paper/data/fresh_confirmation/raw/Broader1.json; paper/data/fresh_confirmation/raw/Broader2.json; paper/data/fresh_confirmation/raw/Broader3.json; training/evaluate_deterministic_crn.py; artifacts/sprint_870/opponents/Broader1/agent/search.py; artifacts/sprint_870/opponents/Broader1/main.py; artifacts/sprint_870/opponents/Broader2/ptcg_ai/Broader2/search.py; artifacts/sprint_870/opponents/Broader2/main.py; vendor/cg/api.py; ptcg_ai/external.py,matching source root rows,paper/aps-open-science-202608,c17434252deb8fdc3b42b2c12a58f18ca646215e,3c161a3d52c0e2ee383cb6b7493ad5ded03ab320097bb6b184a7a71d086407fb; b2d325adbfa752ea2ef05cc0e6c001ca5b2624e70aa5b3230fe61f16f2032370; c52c072d1df4dd6d8dfbbf668d2aeeee553a50b6cb12b0157a523b1d9b2b9734; 1c31c89df874ba793112922026db322a2c24c30341b7d71b9562e87982e081ef; a25e535548268f23ec364de322a5b42566da35a4b0ada4eb6b6f3bf375457ab7; 3892c62c01a04a8b8c24a2d824827096c72ba7b543a97407e763d53b0dd0bac1; e414b58f370c6457e36dcd145c6dbbad80a2fad178ce3112a01fc533ca25bb65; fa60021b0906401aeb2c7c33e0f65f586eff256d83d689d688a86a40480e1341; 658ed0280ed70bad423d39b35a19a79491518fbbf2a82996ac9ac00d90204b6a; 7ce106340de055db14e283bf692d10d4ebbaff136d2825caa84c377175376537; 14fdb20b672aa16a6f7d02a1b923f4194d44c26f082ddddb288e729f64c2c291; 4f7dd46f778e75bc9d865619f2577129ab4ad4ae643a41e4b4876297760bbb5c; 593f1298e52a635f90f8f505a52113e9af114f444c293404e37906f18ee06ced; f18294f2e1ee60630fdcc8a63422aa1115365a0b31edeb4ffa6079a270944283,paper/scripts/analyze_results.py,"+7.0 pp; CI [-1.0, +15.0]; Holm p=1",percentage points,200,paired bootstrap; exact McNemar; Holm over 14 cells,"Secondary cell estimate; multiplicity-adjusted and not population inference. The raw evaluator serializes hashes, workers, seeds, orders, seats, outcomes, and errors, but not max-decisions or opponent environment. The committed protocol and frozen runner command specify max-decisions=2000 and NO_SEARCH=1 for Broader 3; those two settings are not independently recoverable from rows. Candidate and control share the scheduled gameplay-engine seed, opponent, actual order, and physical seat, but execute as separate process-pool tasks. Search-enabled Broader1 and Broader2 use wall-clock deadlines and process-local native search state, so opponent-search randomness and runtime were not coupled. The paired-resampling interval and McNemar calculation are conditional on this one realized execution and do not capture run-to-run timing/native-state variation or cross-game worker dependence.",INCLUDE
GAME-C11,Primary results table,Fresh paired effect for Matched4 / first.,VERIFIED,paper/data/fresh_confirmation/raw/Matched1.json; paper/data/fresh_confirmation/raw/Matched2.json; paper/data/fresh_confirmation/raw/Matched3.json; paper/data/fresh_confirmation/raw/Matched4.json; paper/data/fresh_confirmation/raw/Broader1.json; paper/data/fresh_confirmation/raw/Broader2.json; paper/data/fresh_confirmation/raw/Broader3.json; training/evaluate_deterministic_crn.py; artifacts/sprint_870/opponents/Broader1/agent/search.py; artifacts/sprint_870/opponents/Broader1/main.py; artifacts/sprint_870/opponents/Broader2/ptcg_ai/Broader2/search.py; artifacts/sprint_870/opponents/Broader2/main.py; vendor/cg/api.py; ptcg_ai/external.py,matching source root rows,paper/aps-open-science-202608,c17434252deb8fdc3b42b2c12a58f18ca646215e,3c161a3d52c0e2ee383cb6b7493ad5ded03ab320097bb6b184a7a71d086407fb; b2d325adbfa752ea2ef05cc0e6c001ca5b2624e70aa5b3230fe61f16f2032370; c52c072d1df4dd6d8dfbbf668d2aeeee553a50b6cb12b0157a523b1d9b2b9734; 1c31c89df874ba793112922026db322a2c24c30341b7d71b9562e87982e081ef; a25e535548268f23ec364de322a5b42566da35a4b0ada4eb6b6f3bf375457ab7; 3892c62c01a04a8b8c24a2d824827096c72ba7b543a97407e763d53b0dd0bac1; e414b58f370c6457e36dcd145c6dbbad80a2fad178ce3112a01fc533ca25bb65; fa60021b0906401aeb2c7c33e0f65f586eff256d83d689d688a86a40480e1341; 658ed0280ed70bad423d39b35a19a79491518fbbf2a82996ac9ac00d90204b6a; 7ce106340de055db14e283bf692d10d4ebbaff136d2825caa84c377175376537; 14fdb20b672aa16a6f7d02a1b923f4194d44c26f082ddddb288e729f64c2c291; 4f7dd46f778e75bc9d865619f2577129ab4ad4ae643a41e4b4876297760bbb5c; 593f1298e52a635f90f8f505a52113e9af114f444c293404e37906f18ee06ced; f18294f2e1ee60630fdcc8a63422aa1115365a0b31edeb4ffa6079a270944283,paper/scripts/analyze_results.py,"+7.0 pp; CI [-1.5, +15.5]; Holm p=1",percentage points,200,paired bootstrap; exact McNemar; Holm over 14 cells,"Secondary cell estimate; multiplicity-adjusted and not population inference. The raw evaluator serializes hashes, workers, seeds, orders, seats, outcomes, and errors, but not max-decisions or opponent environment. The committed protocol and frozen runner command specify max-decisions=2000 and NO_SEARCH=1 for Broader 3; those two settings are not independently recoverable from rows. Candidate and control share the scheduled gameplay-engine seed, opponent, actual order, and physical seat, but execute as separate process-pool tasks. Search-enabled Broader1 and Broader2 use wall-clock deadlines and process-local native search state, so opponent-search randomness and runtime were not coupled. The paired-resampling interval and McNemar calculation are conditional on this one realized execution and do not capture run-to-run timing/native-state variation or cross-game worker dependence.",INCLUDE
GAME-C12,Primary results table,Fresh paired effect for Matched4 / second.,VERIFIED,paper/data/fresh_confirmation/raw/Matched1.json; paper/data/fresh_confirmation/raw/Matched2.json; paper/data/fresh_confirmation/raw/Matched3.json; paper/data/fresh_confirmation/raw/Matched4.json; paper/data/fresh_confirmation/raw/Broader1.json; paper/data/fresh_confirmation/raw/Broader2.json; paper/data/fresh_confirmation/raw/Broader3.json; training/evaluate_deterministic_crn.py; artifacts/sprint_870/opponents/Broader1/agent/search.py; artifacts/sprint_870/opponents/Broader1/main.py; artifacts/sprint_870/opponents/Broader2/ptcg_ai/Broader2/search.py; artifacts/sprint_870/opponents/Broader2/main.py; vendor/cg/api.py; ptcg_ai/external.py,matching source root rows,paper/aps-open-science-202608,c17434252deb8fdc3b42b2c12a58f18ca646215e,3c161a3d52c0e2ee383cb6b7493ad5ded03ab320097bb6b184a7a71d086407fb; b2d325adbfa752ea2ef05cc0e6c001ca5b2624e70aa5b3230fe61f16f2032370; c52c072d1df4dd6d8dfbbf668d2aeeee553a50b6cb12b0157a523b1d9b2b9734; 1c31c89df874ba793112922026db322a2c24c30341b7d71b9562e87982e081ef; a25e535548268f23ec364de322a5b42566da35a4b0ada4eb6b6f3bf375457ab7; 3892c62c01a04a8b8c24a2d824827096c72ba7b543a97407e763d53b0dd0bac1; e414b58f370c6457e36dcd145c6dbbad80a2fad178ce3112a01fc533ca25bb65; fa60021b0906401aeb2c7c33e0f65f586eff256d83d689d688a86a40480e1341; 658ed0280ed70bad423d39b35a19a79491518fbbf2a82996ac9ac00d90204b6a; 7ce106340de055db14e283bf692d10d4ebbaff136d2825caa84c377175376537; 14fdb20b672aa16a6f7d02a1b923f4194d44c26f082ddddb288e729f64c2c291; 4f7dd46f778e75bc9d865619f2577129ab4ad4ae643a41e4b4876297760bbb5c; 593f1298e52a635f90f8f505a52113e9af114f444c293404e37906f18ee06ced; f18294f2e1ee60630fdcc8a63422aa1115365a0b31edeb4ffa6079a270944283,paper/scripts/analyze_results.py,"+3.5 pp; CI [-5.0, +12.0]; Holm p=1",percentage points,200,paired bootstrap; exact McNemar; Holm over 14 cells,"Secondary cell estimate; multiplicity-adjusted and not population inference. The raw evaluator serializes hashes, workers, seeds, orders, seats, outcomes, and errors, but not max-decisions or opponent environment. The committed protocol and frozen runner command specify max-decisions=2000 and NO_SEARCH=1 for Broader 3; those two settings are not independently recoverable from rows. Candidate and control share the scheduled gameplay-engine seed, opponent, actual order, and physical seat, but execute as separate process-pool tasks. Search-enabled Broader1 and Broader2 use wall-clock deadlines and process-local native search state, so opponent-search randomness and runtime were not coupled. The paired-resampling interval and McNemar calculation are conditional on this one realized execution and do not capture run-to-run timing/native-state variation or cross-game worker dependence.",INCLUDE
GAME-C13,Primary results table,Fresh paired effect for Broader1 / first.,VERIFIED,paper/data/fresh_confirmation/raw/Matched1.json; paper/data/fresh_confirmation/raw/Matched2.json; paper/data/fresh_confirmation/raw/Matched3.json; paper/data/fresh_confirmation/raw/Matched4.json; paper/data/fresh_confirmation/raw/Broader1.json; paper/data/fresh_confirmation/raw/Broader2.json; paper/data/fresh_confirmation/raw/Broader3.json; training/evaluate_deterministic_crn.py; artifacts/sprint_870/opponents/Broader1/agent/search.py; artifacts/sprint_870/opponents/Broader1/main.py; artifacts/sprint_870/opponents/Broader2/ptcg_ai/Broader2/search.py; artifacts/sprint_870/opponents/Broader2/main.py; vendor/cg/api.py; ptcg_ai/external.py,matching source root rows,paper/aps-open-science-202608,c17434252deb8fdc3b42b2c12a58f18ca646215e,3c161a3d52c0e2ee383cb6b7493ad5ded03ab320097bb6b184a7a71d086407fb; b2d325adbfa752ea2ef05cc0e6c001ca5b2624e70aa5b3230fe61f16f2032370; c52c072d1df4dd6d8dfbbf668d2aeeee553a50b6cb12b0157a523b1d9b2b9734; 1c31c89df874ba793112922026db322a2c24c30341b7d71b9562e87982e081ef; a25e535548268f23ec364de322a5b42566da35a4b0ada4eb6b6f3bf375457ab7; 3892c62c01a04a8b8c24a2d824827096c72ba7b543a97407e763d53b0dd0bac1; e414b58f370c6457e36dcd145c6dbbad80a2fad178ce3112a01fc533ca25bb65; fa60021b0906401aeb2c7c33e0f65f586eff256d83d689d688a86a40480e1341; 658ed0280ed70bad423d39b35a19a79491518fbbf2a82996ac9ac00d90204b6a; 7ce106340de055db14e283bf692d10d4ebbaff136d2825caa84c377175376537; 14fdb20b672aa16a6f7d02a1b923f4194d44c26f082ddddb288e729f64c2c291; 4f7dd46f778e75bc9d865619f2577129ab4ad4ae643a41e4b4876297760bbb5c; 593f1298e52a635f90f8f505a52113e9af114f444c293404e37906f18ee06ced; f18294f2e1ee60630fdcc8a63422aa1115365a0b31edeb4ffa6079a270944283,paper/scripts/analyze_results.py,"+5.5 pp; CI [-1.5, +12.5]; Holm p=1",percentage points,200,paired bootstrap; exact McNemar; Holm over 14 cells,"Secondary cell estimate; multiplicity-adjusted and not population inference. The raw evaluator serializes hashes, workers, seeds, orders, seats, outcomes, and errors, but not max-decisions or opponent environment. The committed protocol and frozen runner command specify max-decisions=2000 and NO_SEARCH=1 for Broader 3; those two settings are not independently recoverable from rows. Candidate and control share the scheduled gameplay-engine seed, opponent, actual order, and physical seat, but execute as separate process-pool tasks. Search-enabled Broader1 and Broader2 use wall-clock deadlines and process-local native search state, so opponent-search randomness and runtime were not coupled. The paired-resampling interval and McNemar calculation are conditional on this one realized execution and do not capture run-to-run timing/native-state variation or cross-game worker dependence.",INCLUDE
GAME-C14,Primary results table,Fresh paired effect for Broader1 / second.,VERIFIED,paper/data/fresh_confirmation/raw/Matched1.json; paper/data/fresh_confirmation/raw/Matched2.json; paper/data/fresh_confirmation/raw/Matched3.json; paper/data/fresh_confirmation/raw/Matched4.json; paper/data/fresh_confirmation/raw/Broader1.json; paper/data/fresh_confirmation/raw/Broader2.json; paper/data/fresh_confirmation/raw/Broader3.json; training/evaluate_deterministic_crn.py; artifacts/sprint_870/opponents/Broader1/agent/search.py; artifacts/sprint_870/opponents/Broader1/main.py; artifacts/sprint_870/opponents/Broader2/ptcg_ai/Broader2/search.py; artifacts/sprint_870/opponents/Broader2/main.py; vendor/cg/api.py; ptcg_ai/external.py,matching source root rows,paper/aps-open-science-202608,c17434252deb8fdc3b42b2c12a58f18ca646215e,3c161a3d52c0e2ee383cb6b7493ad5ded03ab320097bb6b184a7a71d086407fb; b2d325adbfa752ea2ef05cc0e6c001ca5b2624e70aa5b3230fe61f16f2032370; c52c072d1df4dd6d8dfbbf668d2aeeee553a50b6cb12b0157a523b1d9b2b9734; 1c31c89df874ba793112922026db322a2c24c30341b7d71b9562e87982e081ef; a25e535548268f23ec364de322a5b42566da35a4b0ada4eb6b6f3bf375457ab7; 3892c62c01a04a8b8c24a2d824827096c72ba7b543a97407e763d53b0dd0bac1; e414b58f370c6457e36dcd145c6dbbad80a2fad178ce3112a01fc533ca25bb65; fa60021b0906401aeb2c7c33e0f65f586eff256d83d689d688a86a40480e1341; 658ed0280ed70bad423d39b35a19a79491518fbbf2a82996ac9ac00d90204b6a; 7ce106340de055db14e283bf692d10d4ebbaff136d2825caa84c377175376537; 14fdb20b672aa16a6f7d02a1b923f4194d44c26f082ddddb288e729f64c2c291; 4f7dd46f778e75bc9d865619f2577129ab4ad4ae643a41e4b4876297760bbb5c; 593f1298e52a635f90f8f505a52113e9af114f444c293404e37906f18ee06ced; f18294f2e1ee60630fdcc8a63422aa1115365a0b31edeb4ffa6079a270944283,paper/scripts/analyze_results.py,"+2.0 pp; CI [-7.0, +11.0]; Holm p=1",percentage points,200,paired bootstrap; exact McNemar; Holm over 14 cells,"Secondary cell estimate; multiplicity-adjusted and not population inference. The raw evaluator serializes hashes, workers, seeds, orders, seats, outcomes, and errors, but not max-decisions or opponent environment. The committed protocol and frozen runner command specify max-decisions=2000 and NO_SEARCH=1 for Broader 3; those two settings are not independently recoverable from rows. Candidate and control share the scheduled gameplay-engine seed, opponent, actual order, and physical seat, but execute as separate process-pool tasks. Search-enabled Broader1 and Broader2 use wall-clock deadlines and process-local native search state, so opponent-search randomness and runtime were not coupled. The paired-resampling interval and McNemar calculation are conditional on this one realized execution and do not capture run-to-run timing/native-state variation or cross-game worker dependence.",INCLUDE
GAME-O-FIRST,Generalization,Fresh effect by actual order: first.,VERIFIED,paper/data/fresh_confirmation/raw/Matched1.json; paper/data/fresh_confirmation/raw/Matched2.json; paper/data/fresh_confirmation/raw/Matched3.json; paper/data/fresh_confirmation/raw/Matched4.json; paper/data/fresh_confirmation/raw/Broader1.json; paper/data/fresh_confirmation/raw/Broader2.json; paper/data/fresh_confirmation/raw/Broader3.json; training/evaluate_deterministic_crn.py; artifacts/sprint_870/opponents/Broader1/agent/search.py; artifacts/sprint_870/opponents/Broader1/main.py; artifacts/sprint_870/opponents/Broader2/ptcg_ai/Broader2/search.py; artifacts/sprint_870/opponents/Broader2/main.py; vendor/cg/api.py; ptcg_ai/external.py,$.fresh_confirmation.by_actual_order.first,paper/aps-open-science-202608,c17434252deb8fdc3b42b2c12a58f18ca646215e,3c161a3d52c0e2ee383cb6b7493ad5ded03ab320097bb6b184a7a71d086407fb; b2d325adbfa752ea2ef05cc0e6c001ca5b2624e70aa5b3230fe61f16f2032370; c52c072d1df4dd6d8dfbbf668d2aeeee553a50b6cb12b0157a523b1d9b2b9734; 1c31c89df874ba793112922026db322a2c24c30341b7d71b9562e87982e081ef; a25e535548268f23ec364de322a5b42566da35a4b0ada4eb6b6f3bf375457ab7; 3892c62c01a04a8b8c24a2d824827096c72ba7b543a97407e763d53b0dd0bac1; e414b58f370c6457e36dcd145c6dbbad80a2fad178ce3112a01fc533ca25bb65; fa60021b0906401aeb2c7c33e0f65f586eff256d83d689d688a86a40480e1341; 658ed0280ed70bad423d39b35a19a79491518fbbf2a82996ac9ac00d90204b6a; 7ce106340de055db14e283bf692d10d4ebbaff136d2825caa84c377175376537; 14fdb20b672aa16a6f7d02a1b923f4194d44c26f082ddddb288e729f64c2c291; 4f7dd46f778e75bc9d865619f2577129ab4ad4ae643a41e4b4876297760bbb5c; 593f1298e52a635f90f8f505a52113e9af114f444c293404e37906f18ee06ced; f18294f2e1ee60630fdcc8a63422aa1115365a0b31edeb4ffa6079a270944283,paper/scripts/analyze_results.py,"+3.14 pp; CI [+0.21, +6.07]",percentage points,1400,paired bootstrap averaged across opponent cells,"Secondary descriptive split. The raw evaluator serializes hashes, workers, seeds, orders, seats, outcomes, and errors, but not max-decisions or opponent environment. The committed protocol and frozen runner command specify max-decisions=2000 and NO_SEARCH=1 for Broader 3; those two settings are not independently recoverable from rows. Candidate and control share the scheduled gameplay-engine seed, opponent, actual order, and physical seat, but execute as separate process-pool tasks. Search-enabled Broader1 and Broader2 use wall-clock deadlines and process-local native search state, so opponent-search randomness and runtime were not coupled. The paired-resampling interval and McNemar calculation are conditional on this one realized execution and do not capture run-to-run timing/native-state variation or cross-game worker dependence.",INCLUDE
GAME-O-SECOND,Generalization,Fresh effect by actual order: second.,VERIFIED,paper/data/fresh_confirmation/raw/Matched1.json; paper/data/fresh_confirmation/raw/Matched2.json; paper/data/fresh_confirmation/raw/Matched3.json; paper/data/fresh_confirmation/raw/Matched4.json; paper/data/fresh_confirmation/raw/Broader1.json; paper/data/fresh_confirmation/raw/Broader2.json; paper/data/fresh_confirmation/raw/Broader3.json; training/evaluate_deterministic_crn.py; artifacts/sprint_870/opponents/Broader1/agent/search.py; artifacts/sprint_870/opponents/Broader1/main.py; artifacts/sprint_870/opponents/Broader2/ptcg_ai/Broader2/search.py; artifacts/sprint_870/opponents/Broader2/main.py; vendor/cg/api.py; ptcg_ai/external.py,$.fresh_confirmation.by_actual_order.second,paper/aps-open-science-202608,c17434252deb8fdc3b42b2c12a58f18ca646215e,3c161a3d52c0e2ee383cb6b7493ad5ded03ab320097bb6b184a7a71d086407fb; b2d325adbfa752ea2ef05cc0e6c001ca5b2624e70aa5b3230fe61f16f2032370; c52c072d1df4dd6d8dfbbf668d2aeeee553a50b6cb12b0157a523b1d9b2b9734; 1c31c89df874ba793112922026db322a2c24c30341b7d71b9562e87982e081ef; a25e535548268f23ec364de322a5b42566da35a4b0ada4eb6b6f3bf375457ab7; 3892c62c01a04a8b8c24a2d824827096c72ba7b543a97407e763d53b0dd0bac1; e414b58f370c6457e36dcd145c6dbbad80a2fad178ce3112a01fc533ca25bb65; fa60021b0906401aeb2c7c33e0f65f586eff256d83d689d688a86a40480e1341; 658ed0280ed70bad423d39b35a19a79491518fbbf2a82996ac9ac00d90204b6a; 7ce106340de055db14e283bf692d10d4ebbaff136d2825caa84c377175376537; 14fdb20b672aa16a6f7d02a1b923f4194d44c26f082ddddb288e729f64c2c291; 4f7dd46f778e75bc9d865619f2577129ab4ad4ae643a41e4b4876297760bbb5c; 593f1298e52a635f90f8f505a52113e9af114f444c293404e37906f18ee06ced; f18294f2e1ee60630fdcc8a63422aa1115365a0b31edeb4ffa6079a270944283,paper/scripts/analyze_results.py,"+2.43 pp; CI [-0.64, +5.50]",percentage points,1400,paired bootstrap averaged across opponent cells,"Secondary descriptive split. The raw evaluator serializes hashes, workers, seeds, orders, seats, outcomes, and errors, but not max-decisions or opponent environment. The committed protocol and frozen runner command specify max-decisions=2000 and NO_SEARCH=1 for Broader 3; those two settings are not independently recoverable from rows. Candidate and control share the scheduled gameplay-engine seed, opponent, actual order, and physical seat, but execute as separate process-pool tasks. Search-enabled Broader1 and Broader2 use wall-clock deadlines and process-local native search state, so opponent-search randomness and runtime were not coupled. The paired-resampling interval and McNemar calculation are conditional on this one realized execution and do not capture run-to-run timing/native-state variation or cross-game worker dependence.",INCLUDE
GAME-F-Matched,Generalization,Fresh equal-cell effect for frozen Matched opponent family.,VERIFIED,paper/data/fresh_confirmation/raw/Matched1.json; paper/data/fresh_confirmation/raw/Matched2.json; paper/data/fresh_confirmation/raw/Matched3.json; paper/data/fresh_confirmation/raw/Matched4.json; paper/data/fresh_confirmation/raw/Broader1.json; paper/data/fresh_confirmation/raw/Broader2.json; paper/data/fresh_confirmation/raw/Broader3.json; training/evaluate_deterministic_crn.py; artifacts/sprint_870/opponents/Broader1/agent/search.py; artifacts/sprint_870/opponents/Broader1/main.py; artifacts/sprint_870/opponents/Broader2/ptcg_ai/Broader2/search.py; artifacts/sprint_870/opponents/Broader2/main.py; vendor/cg/api.py; ptcg_ai/external.py,$.fresh_confirmation.by_opponent_family.Matched,paper/aps-open-science-202608,c17434252deb8fdc3b42b2c12a58f18ca646215e,3c161a3d52c0e2ee383cb6b7493ad5ded03ab320097bb6b184a7a71d086407fb; b2d325adbfa752ea2ef05cc0e6c001ca5b2624e70aa5b3230fe61f16f2032370; c52c072d1df4dd6d8dfbbf668d2aeeee553a50b6cb12b0157a523b1d9b2b9734; 1c31c89df874ba793112922026db322a2c24c30341b7d71b9562e87982e081ef; a25e535548268f23ec364de322a5b42566da35a4b0ada4eb6b6f3bf375457ab7; 3892c62c01a04a8b8c24a2d824827096c72ba7b543a97407e763d53b0dd0bac1; e414b58f370c6457e36dcd145c6dbbad80a2fad178ce3112a01fc533ca25bb65; fa60021b0906401aeb2c7c33e0f65f586eff256d83d689d688a86a40480e1341; 658ed0280ed70bad423d39b35a19a79491518fbbf2a82996ac9ac00d90204b6a; 7ce106340de055db14e283bf692d10d4ebbaff136d2825caa84c377175376537; 14fdb20b672aa16a6f7d02a1b923f4194d44c26f082ddddb288e729f64c2c291; 4f7dd46f778e75bc9d865619f2577129ab4ad4ae643a41e4b4876297760bbb5c; 593f1298e52a635f90f8f505a52113e9af114f444c293404e37906f18ee06ced; f18294f2e1ee60630fdcc8a63422aa1115365a0b31edeb4ffa6079a270944283,paper/scripts/analyze_results.py,"+3.88 pp; CI [+0.88, +6.88]",percentage points,1600,paired bootstrap averaged across family/order cells,"Family is a fixed engineering grouping, not a random sample. The raw evaluator serializes hashes, workers, seeds, orders, seats, outcomes, and errors, but not max-decisions or opponent environment. The committed protocol and frozen runner command specify max-decisions=2000 and NO_SEARCH=1 for Broader 3; those two settings are not independently recoverable from rows. Candidate and control share the scheduled gameplay-engine seed, opponent, actual order, and physical seat, but execute as separate process-pool tasks. Search-enabled Broader1 and Broader2 use wall-clock deadlines and process-local native search state, so opponent-search randomness and runtime were not coupled. The paired-resampling interval and McNemar calculation are conditional on this one realized execution and do not capture run-to-run timing/native-state variation or cross-game worker dependence.",INCLUDE
GAME-F-OTHER,Generalization,Fresh equal-cell effect for frozen Other opponent family.,VERIFIED,paper/data/fresh_confirmation/raw/Matched1.json; paper/data/fresh_confirmation/raw/Matched2.json; paper/data/fresh_confirmation/raw/Matched3.json; paper/data/fresh_confirmation/raw/Matched4.json; paper/data/fresh_confirmation/raw/Broader1.json; paper/data/fresh_confirmation/raw/Broader2.json; paper/data/fresh_confirmation/raw/Broader3.json; training/evaluate_deterministic_crn.py; artifacts/sprint_870/opponents/Broader1/agent/search.py; artifacts/sprint_870/opponents/Broader1/main.py; artifacts/sprint_870/opponents/Broader2/ptcg_ai/Broader2/search.py; artifacts/sprint_870/opponents/Broader2/main.py; vendor/cg/api.py; ptcg_ai/external.py,$.fresh_confirmation.by_opponent_family.Other,paper/aps-open-science-202608,c17434252deb8fdc3b42b2c12a58f18ca646215e,3c161a3d52c0e2ee383cb6b7493ad5ded03ab320097bb6b184a7a71d086407fb; b2d325adbfa752ea2ef05cc0e6c001ca5b2624e70aa5b3230fe61f16f2032370; c52c072d1df4dd6d8dfbbf668d2aeeee553a50b6cb12b0157a523b1d9b2b9734; 1c31c89df874ba793112922026db322a2c24c30341b7d71b9562e87982e081ef; a25e535548268f23ec364de322a5b42566da35a4b0ada4eb6b6f3bf375457ab7; 3892c62c01a04a8b8c24a2d824827096c72ba7b543a97407e763d53b0dd0bac1; e414b58f370c6457e36dcd145c6dbbad80a2fad178ce3112a01fc533ca25bb65; fa60021b0906401aeb2c7c33e0f65f586eff256d83d689d688a86a40480e1341; 658ed0280ed70bad423d39b35a19a79491518fbbf2a82996ac9ac00d90204b6a; 7ce106340de055db14e283bf692d10d4ebbaff136d2825caa84c377175376537; 14fdb20b672aa16a6f7d02a1b923f4194d44c26f082ddddb288e729f64c2c291; 4f7dd46f778e75bc9d865619f2577129ab4ad4ae643a41e4b4876297760bbb5c; 593f1298e52a635f90f8f505a52113e9af114f444c293404e37906f18ee06ced; f18294f2e1ee60630fdcc8a63422aa1115365a0b31edeb4ffa6079a270944283,paper/scripts/analyze_results.py,"+1.33 pp; CI [-1.58, +4.17]",percentage points,1200,paired bootstrap averaged across family/order cells,"Family is a fixed engineering grouping, not a random sample. The raw evaluator serializes hashes, workers, seeds, orders, seats, outcomes, and errors, but not max-decisions or opponent environment. The committed protocol and frozen runner command specify max-decisions=2000 and NO_SEARCH=1 for Broader 3; those two settings are not independently recoverable from rows. Candidate and control share the scheduled gameplay-engine seed, opponent, actual order, and physical seat, but execute as separate process-pool tasks. Search-enabled Broader1 and Broader2 use wall-clock deadlines and process-local native search state, so opponent-search randomness and runtime were not coupled. The paired-resampling interval and McNemar calculation are conditional on this one realized execution and do not capture run-to-run timing/native-state variation or cross-game worker dependence.",INCLUDE
GAME-LAT,Evaluation protocol,Per-game latency is unavailable.,VERIFIED,paper/data/fresh_confirmation/raw/Matched1.json; paper/data/fresh_confirmation/raw/Matched2.json; paper/data/fresh_confirmation/raw/Matched3.json; paper/data/fresh_confirmation/raw/Matched4.json; paper/data/fresh_confirmation/raw/Broader1.json; paper/data/fresh_confirmation/raw/Broader2.json; paper/data/fresh_confirmation/raw/Broader3.json; training/evaluate_deterministic_crn.py; artifacts/sprint_870/opponents/Broader1/agent/search.py; artifacts/sprint_870/opponents/Broader1/main.py; artifacts/sprint_870/opponents/Broader2/ptcg_ai/Broader2/search.py; artifacts/sprint_870/opponents/Broader2/main.py; vendor/cg/api.py; ptcg_ai/external.py,runner rows omit latency,paper/aps-open-science-202608,c17434252deb8fdc3b42b2c12a58f18ca646215e,3c161a3d52c0e2ee383cb6b7493ad5ded03ab320097bb6b184a7a71d086407fb; b2d325adbfa752ea2ef05cc0e6c001ca5b2624e70aa5b3230fe61f16f2032370; c52c072d1df4dd6d8dfbbf668d2aeeee553a50b6cb12b0157a523b1d9b2b9734; 1c31c89df874ba793112922026db322a2c24c30341b7d71b9562e87982e081ef; a25e535548268f23ec364de322a5b42566da35a4b0ada4eb6b6f3bf375457ab7; 3892c62c01a04a8b8c24a2d824827096c72ba7b543a97407e763d53b0dd0bac1; e414b58f370c6457e36dcd145c6dbbad80a2fad178ce3112a01fc533ca25bb65; fa60021b0906401aeb2c7c33e0f65f586eff256d83d689d688a86a40480e1341; 658ed0280ed70bad423d39b35a19a79491518fbbf2a82996ac9ac00d90204b6a; 7ce106340de055db14e283bf692d10d4ebbaff136d2825caa84c377175376537; 14fdb20b672aa16a6f7d02a1b923f4194d44c26f082ddddb288e729f64c2c291; 4f7dd46f778e75bc9d865619f2577129ab4ad4ae643a41e4b4876297760bbb5c; 593f1298e52a635f90f8f505a52113e9af114f444c293404e37906f18ee06ced; f18294f2e1ee60630fdcc8a63422aa1115365a0b31edeb4ffa6079a270944283,paper/scripts/analyze_results.py,NA,milliseconds,"2,800 pairs",field-presence audit,"Parallel elapsed_seconds is wall time and is not a latency measure. The raw evaluator serializes hashes, workers, seeds, orders, seats, outcomes, and errors, but not max-decisions or opponent environment. The committed protocol and frozen runner command specify max-decisions=2000 and NO_SEARCH=1 for Broader 3; those two settings are not independently recoverable from rows. Candidate and control share the scheduled gameplay-engine seed, opponent, actual order, and physical seat, but execute as separate process-pool tasks. Search-enabled Broader1 and Broader2 use wall-clock deadlines and process-local native search state, so opponent-search randomness and runtime were not coupled. The paired-resampling interval and McNemar calculation are conditional on this one realized execution and do not capture run-to-run timing/native-state variation or cross-game worker dependence.",INCLUDE
GAME-SENS,Primary results,Win/draw/loss utility sensitivity preserves the paired direction.,VERIFIED,paper/data/fresh_confirmation/raw/Matched1.json; paper/data/fresh_confirmation/raw/Matched2.json; paper/data/fresh_confirmation/raw/Matched3.json; paper/data/fresh_confirmation/raw/Matched4.json; paper/data/fresh_confirmation/raw/Broader1.json; paper/data/fresh_confirmation/raw/Broader2.json; paper/data/fresh_confirmation/raw/Broader3.json; training/evaluate_deterministic_crn.py; artifacts/sprint_870/opponents/Broader1/agent/search.py; artifacts/sprint_870/opponents/Broader1/main.py; artifacts/sprint_870/opponents/Broader2/ptcg_ai/Broader2/search.py; artifacts/sprint_870/opponents/Broader2/main.py; vendor/cg/api.py; ptcg_ai/external.py,$.fresh_confirmation.win_draw_loss_utility_sensitivity,paper/aps-open-science-202608,c17434252deb8fdc3b42b2c12a58f18ca646215e,3c161a3d52c0e2ee383cb6b7493ad5ded03ab320097bb6b184a7a71d086407fb; b2d325adbfa752ea2ef05cc0e6c001ca5b2624e70aa5b3230fe61f16f2032370; c52c072d1df4dd6d8dfbbf668d2aeeee553a50b6cb12b0157a523b1d9b2b9734; 1c31c89df874ba793112922026db322a2c24c30341b7d71b9562e87982e081ef; a25e535548268f23ec364de322a5b42566da35a4b0ada4eb6b6f3bf375457ab7; 3892c62c01a04a8b8c24a2d824827096c72ba7b543a97407e763d53b0dd0bac1; e414b58f370c6457e36dcd145c6dbbad80a2fad178ce3112a01fc533ca25bb65; fa60021b0906401aeb2c7c33e0f65f586eff256d83d689d688a86a40480e1341; 658ed0280ed70bad423d39b35a19a79491518fbbf2a82996ac9ac00d90204b6a; 7ce106340de055db14e283bf692d10d4ebbaff136d2825caa84c377175376537; 14fdb20b672aa16a6f7d02a1b923f4194d44c26f082ddddb288e729f64c2c291; 4f7dd46f778e75bc9d865619f2577129ab4ad4ae643a41e4b4876297760bbb5c; 593f1298e52a635f90f8f505a52113e9af114f444c293404e37906f18ee06ced; f18294f2e1ee60630fdcc8a63422aa1115365a0b31edeb4ffa6079a270944283,paper/scripts/analyze_results.py,"+0.055; CI [+0.013,+0.098]",utility units,2800,"100,000-draw paired within-cell bootstrap; win=1 draw=0 loss=-1","Secondary sensitivity; not the prospectively specified binary primary endpoint. The raw evaluator serializes hashes, workers, seeds, orders, seats, outcomes, and errors, but not max-decisions or opponent environment. The committed protocol and frozen runner command specify max-decisions=2000 and NO_SEARCH=1 for Broader 3; those two settings are not independently recoverable from rows. Candidate and control share the scheduled gameplay-engine seed, opponent, actual order, and physical seat, but execute as separate process-pool tasks. Search-enabled Broader1 and Broader2 use wall-clock deadlines and process-local native search state, so opponent-search randomness and runtime were not coupled. The paired-resampling interval and McNemar calculation are conditional on this one realized execution and do not capture run-to-run timing/native-state variation or cross-game worker dependence.",INCLUDE
GAME-ERR,Evaluation protocol,"The fresh confirmation completed without candidate, control, or opponent policy errors.",VERIFIED,paper/data/fresh_confirmation/raw/Matched1.json; paper/data/fresh_confirmation/raw/Matched2.json; paper/data/fresh_confirmation/raw/Matched3.json; paper/data/fresh_confirmation/raw/Matched4.json; paper/data/fresh_confirmation/raw/Broader1.json; paper/data/fresh_confirmation/raw/Broader2.json; paper/data/fresh_confirmation/raw/Broader3.json; training/evaluate_deterministic_crn.py; artifacts/sprint_870/opponents/Broader1/agent/search.py; artifacts/sprint_870/opponents/Broader1/main.py; artifacts/sprint_870/opponents/Broader2/ptcg_ai/Broader2/search.py; artifacts/sprint_870/opponents/Broader2/main.py; vendor/cg/api.py; ptcg_ai/external.py,$.fresh_confirmation.primary error fields,paper/aps-open-science-202608,c17434252deb8fdc3b42b2c12a58f18ca646215e,3c161a3d52c0e2ee383cb6b7493ad5ded03ab320097bb6b184a7a71d086407fb; b2d325adbfa752ea2ef05cc0e6c001ca5b2624e70aa5b3230fe61f16f2032370; c52c072d1df4dd6d8dfbbf668d2aeeee553a50b6cb12b0157a523b1d9b2b9734; 1c31c89df874ba793112922026db322a2c24c30341b7d71b9562e87982e081ef; a25e535548268f23ec364de322a5b42566da35a4b0ada4eb6b6f3bf375457ab7; 3892c62c01a04a8b8c24a2d824827096c72ba7b543a97407e763d53b0dd0bac1; e414b58f370c6457e36dcd145c6dbbad80a2fad178ce3112a01fc533ca25bb65; fa60021b0906401aeb2c7c33e0f65f586eff256d83d689d688a86a40480e1341; 658ed0280ed70bad423d39b35a19a79491518fbbf2a82996ac9ac00d90204b6a; 7ce106340de055db14e283bf692d10d4ebbaff136d2825caa84c377175376537; 14fdb20b672aa16a6f7d02a1b923f4194d44c26f082ddddb288e729f64c2c291; 4f7dd46f778e75bc9d865619f2577129ab4ad4ae643a41e4b4876297760bbb5c; 593f1298e52a635f90f8f505a52113e9af114f444c293404e37906f18ee06ced; f18294f2e1ee60630fdcc8a63422aa1115365a0b31edeb4ffa6079a270944283,paper/scripts/analyze_results.py,candidate 0; control 0; opponent 0,errors,2800,exact row aggregation,"Zero serialized policy errors do not independently verify the unserialized max-decisions or NO_SEARCH settings. The raw evaluator serializes hashes, workers, seeds, orders, seats, outcomes, and errors, but not max-decisions or opponent environment. The committed protocol and frozen runner command specify max-decisions=2000 and NO_SEARCH=1 for Broader 3; those two settings are not independently recoverable from rows. Candidate and control share the scheduled gameplay-engine seed, opponent, actual order, and physical seat, but execute as separate process-pool tasks. Search-enabled Broader1 and Broader2 use wall-clock deadlines and process-local native search state, so opponent-search randomness and runtime were not coupled. The paired-resampling interval and McNemar calculation are conditional on this one realized execution and do not capture run-to-run timing/native-state variation or cross-game worker dependence.",INCLUDE
OFF-001,Generalization and held-out disagreement,The refresh team-holdout recorded-action approval interval spans one half.,VERIFIED_WITH_CAVEAT,paper/data/representation_audit.json,$.refresh_holdout_recorded_action_agreement.overall,paper/aps-open-science-202608,52df476feff2511945170cf21f135e710f002df3,74604f5ebfe4e8d6355c1b56ef56b234ff3e79da876c5b91366587f4a1adda6d,paper/scripts/audit_representation.py,"271/579=0.468; CI [0.423,0.513]; abstain 242",approval proportion,579 binary decisions in 61 episodes,episode-clustered bootstrap interval; no directional null test,"Output-module-only, index-exact diagnostic with no runtime shields, conditional on disagreement. The six fixed team labels were held out only from refresh gradients/internal validation; historical certification materials had already been inspected. The episode bootstrap does not model between-team sampling uncertainty.",INCLUDE
OFF-002,Generalization and held-out disagreement,The fresh semantic-action interval on retained 2026-08-13 replay disagreements spans one half.,VERIFIED_WITH_CAVEAT,artifacts/paper_heldout/heldout_0813_exp23_vs_c0.json; artifacts/paper_heldout/heldout_0813_exp23_vs_c0.rows.jsonl.gz; scripts/overnight_20260816/replay_disagreement.py; paper/scripts/summarize_heldout.py,"$.overall, $.eligibility, and $.source",main (historical evaluator),9d974bb9ae7c57dad08d4742c8ad4503e1a681c0,e0367d3f7f16edd919ce671c187004a57fee6854e400f23e496d35d8a45f9db0; 0456225205a0f3a7a028fedeec268270486c32b82060e7d6c33957e43a45240a; 6b9c1ec38773f5b4ef17e52189e97c482193884f84684941c071684d3c6c72d4; 4f463e4066d4c2132ac616db7d2ef5c47ebaa5009e71c78386fbda279f7b745e,paper/scripts/summarize_heldout.py,"60/132=0.455; CI [0.353,0.567]; abstain 37; team-balanced 0.492 over 2/5 teams with nonnull estimates",approval proportion,169 disagreements in 16 episodes,episode-clustered bootstrap interval; no directional null test,"Conditional disagreement estimand from winner-only, exact-deck units for five fixed, prespecified teams; only 2 supplied eligible units, and demonstrator expertise was not established. Teams and certification materials were previously inspected, so this is refresh-heldout rather than untouched external evidence. The episode bootstrap does not model between-team uncertainty, and the descriptive team-balanced estimate has no interval.",INCLUDE
ABL-FAIL,Four-cell ablation,The planned seven-opponent four-cell analysis failed the prospectively frozen C1 control-parity gate.,VERIFIED,paper/data/ablation/training_report.json; training/evaluate_deterministic_crn.py; artifacts/sprint_870/opponents/Broader1/agent/search.py; artifacts/sprint_870/opponents/Broader1/main.py; artifacts/sprint_870/opponents/Broader2/ptcg_ai/Broader2/search.py; artifacts/sprint_870/opponents/Broader2/main.py; vendor/cg/api.py; ptcg_ai/external.py; paper/data/ablation/raw/c2_identity_a2_Matched1.json; paper/data/ablation/raw/c3_blind_trained_Matched1.json; paper/data/fresh_confirmation/raw/Matched1.json; paper/data/ablation/raw/c2_identity_a2_Matched2.json; paper/data/ablation/raw/c3_blind_trained_Matched2.json; paper/data/fresh_confirmation/raw/Matched2.json; paper/data/ablation/raw/c2_identity_a2_Matched3.json; paper/data/ablation/raw/c3_blind_trained_Matched3.json; paper/data/fresh_confirmation/raw/Matched3.json; paper/data/ablation/raw/c2_identity_a2_Matched4.json; paper/data/ablation/raw/c3_blind_trained_Matched4.json; paper/data/fresh_confirmation/raw/Matched4.json; paper/data/ablation/raw/c2_identity_a2_Broader1.json; paper/data/ablation/raw/c3_blind_trained_Broader1.json; paper/data/fresh_confirmation/raw/Broader1.json; paper/data/ablation/raw/c2_identity_a2_Broader2.json; paper/data/ablation/raw/c3_blind_trained_Broader2.json; paper/data/fresh_confirmation/raw/Broader2.json; paper/data/ablation/raw/c2_identity_a2_Broader3.json; paper/data/ablation/raw/c3_blind_trained_Broader3.json; paper/data/fresh_confirmation/raw/Broader3.json,"$.status, $.planned_analysis, $.control_parity_audit",paper/aps-open-science-202608,63ea3135709646c41feb892e863a8bc00e758ed3,41dbf7bbd3da62cd307f21bc4a60e9b4596ae5c41f64396751134daa29832220; fa60021b0906401aeb2c7c33e0f65f586eff256d83d689d688a86a40480e1341; 658ed0280ed70bad423d39b35a19a79491518fbbf2a82996ac9ac00d90204b6a; 7ce106340de055db14e283bf692d10d4ebbaff136d2825caa84c377175376537; 14fdb20b672aa16a6f7d02a1b923f4194d44c26f082ddddb288e729f64c2c291; 4f7dd46f778e75bc9d865619f2577129ab4ad4ae643a41e4b4876297760bbb5c; 593f1298e52a635f90f8f505a52113e9af114f444c293404e37906f18ee06ced; f18294f2e1ee60630fdcc8a63422aa1115365a0b31edeb4ffa6079a270944283; 9027d8e1f8e223a9c1302f387eccf1e3f973398fd73614ae30046400930f9233; b8cea10f24913d9b2c1853c847e60d3d10e748f5d891948c8071a29444d53b96; 3c161a3d52c0e2ee383cb6b7493ad5ded03ab320097bb6b184a7a71d086407fb; 600501d6b78552e9a410e586763e9b7673b66233520b6f46aaa8221839e45592; 0070df3c12cd02c848fee621a849efe5a626c8aa8b0af00e220819f0ce0f5883; b2d325adbfa752ea2ef05cc0e6c001ca5b2624e70aa5b3230fe61f16f2032370; bcaf8401c04a180567fa38e92931e1cffb9fda0447bb2e72132379216327d005; a53390700ebff70f0514731ecde68435061254211ab125d691da3ab71c0ee246; c52c072d1df4dd6d8dfbbf668d2aeeee553a50b6cb12b0157a523b1d9b2b9734; 7ef754cbb07ff21899990af9f7ea1d32a6fe74da45a6c732f5d3de4cddf73926; f1d2006c08a3fda6f847998185590132a7909273bf36fcb44ac5fe16166914a1; 1c31c89df874ba793112922026db322a2c24c30341b7d71b9562e87982e081ef; 26c08c7ad3bd20742b44ebb80d662eb9d85c67876ade83e5a0fbb15510656b3f; 9d2b0c987afd49c25e5c54814263c0eace8c8cc5eabe918548e5c2664ea3bf51; a25e535548268f23ec364de322a5b42566da35a4b0ada4eb6b6f3bf375457ab7; 27155ea8810d0d466b100fe10bbe9788e2bf73d3154908fbd0cc351461ba2ffa; fc19c0062ecd04441ca93ba5bfe5d119fde0b0e5b8c89ff79011255053d1a891; 3892c62c01a04a8b8c24a2d824827096c72ba7b543a97407e763d53b0dd0bac1; db010f55881867bee9a9954c4de764fa86e76e500ef5ea4ac5ce2f047b7b8416; eb611718099704492fc2b4192cd87f9dcad67fbbbc75bbbe13aec4a74848fdd0; e414b58f370c6457e36dcd145c6dbbad80a2fad178ce3112a01fc533ca25bb65,paper/scripts/analyze_ablation.py,"not estimable; 210/2,800 C1 outcome records and 458/2,800 available serialized records differed across runs (Broader1 191/377; Broader2 19/81)",units,"2,800 scheduled seed-condition units","exact join on opponent, order, engine seed, and physical seat","Trace capture was disabled. The discrepancies establish failure of available-record parity, not the exact causal contribution of wall time versus process-local native state.",INCLUDE
ABL-PLAN,Four-cell ablation,"The planned seven-opponent C2-C1, C3-C1, C4-C1, C4-C2, C4-C3, and interaction estimands.",REQUIRES_RERUN,paper/data/ablation/training_report.json; training/evaluate_deterministic_crn.py; artifacts/sprint_870/opponents/Broader1/agent/search.py; artifacts/sprint_870/opponents/Broader1/main.py; artifacts/sprint_870/opponents/Broader2/ptcg_ai/Broader2/search.py; artifacts/sprint_870/opponents/Broader2/main.py; vendor/cg/api.py; ptcg_ai/external.py; paper/data/ablation/raw/c2_identity_a2_Matched1.json; paper/data/ablation/raw/c3_blind_trained_Matched1.json; paper/data/fresh_confirmation/raw/Matched1.json; paper/data/ablation/raw/c2_identity_a2_Matched2.json; paper/data/ablation/raw/c3_blind_trained_Matched2.json; paper/data/fresh_confirmation/raw/Matched2.json; paper/data/ablation/raw/c2_identity_a2_Matched3.json; paper/data/ablation/raw/c3_blind_trained_Matched3.json; paper/data/fresh_confirmation/raw/Matched3.json; paper/data/ablation/raw/c2_identity_a2_Matched4.json; paper/data/ablation/raw/c3_blind_trained_Matched4.json; paper/data/fresh_confirmation/raw/Matched4.json; paper/data/ablation/raw/c2_identity_a2_Broader1.json; paper/data/ablation/raw/c3_blind_trained_Broader1.json; paper/data/fresh_confirmation/raw/Broader1.json; paper/data/ablation/raw/c2_identity_a2_Broader2.json; paper/data/ablation/raw/c3_blind_trained_Broader2.json; paper/data/fresh_confirmation/raw/Broader2.json; paper/data/ablation/raw/c2_identity_a2_Broader3.json; paper/data/ablation/raw/c3_blind_trained_Broader3.json; paper/data/fresh_confirmation/raw/Broader3.json,$.planned_analysis.contrasts,paper/aps-open-science-202608,63ea3135709646c41feb892e863a8bc00e758ed3,41dbf7bbd3da62cd307f21bc4a60e9b4596ae5c41f64396751134daa29832220; fa60021b0906401aeb2c7c33e0f65f586eff256d83d689d688a86a40480e1341; 658ed0280ed70bad423d39b35a19a79491518fbbf2a82996ac9ac00d90204b6a; 7ce106340de055db14e283bf692d10d4ebbaff136d2825caa84c377175376537; 14fdb20b672aa16a6f7d02a1b923f4194d44c26f082ddddb288e729f64c2c291; 4f7dd46f778e75bc9d865619f2577129ab4ad4ae643a41e4b4876297760bbb5c; 593f1298e52a635f90f8f505a52113e9af114f444c293404e37906f18ee06ced; f18294f2e1ee60630fdcc8a63422aa1115365a0b31edeb4ffa6079a270944283; 9027d8e1f8e223a9c1302f387eccf1e3f973398fd73614ae30046400930f9233; b8cea10f24913d9b2c1853c847e60d3d10e748f5d891948c8071a29444d53b96; 3c161a3d52c0e2ee383cb6b7493ad5ded03ab320097bb6b184a7a71d086407fb; 600501d6b78552e9a410e586763e9b7673b66233520b6f46aaa8221839e45592; 0070df3c12cd02c848fee621a849efe5a626c8aa8b0af00e220819f0ce0f5883; b2d325adbfa752ea2ef05cc0e6c001ca5b2624e70aa5b3230fe61f16f2032370; bcaf8401c04a180567fa38e92931e1cffb9fda0447bb2e72132379216327d005; a53390700ebff70f0514731ecde68435061254211ab125d691da3ab71c0ee246; c52c072d1df4dd6d8dfbbf668d2aeeee553a50b6cb12b0157a523b1d9b2b9734; 7ef754cbb07ff21899990af9f7ea1d32a6fe74da45a6c732f5d3de4cddf73926; f1d2006c08a3fda6f847998185590132a7909273bf36fcb44ac5fe16166914a1; 1c31c89df874ba793112922026db322a2c24c30341b7d71b9562e87982e081ef; 26c08c7ad3bd20742b44ebb80d662eb9d85c67876ade83e5a0fbb15510656b3f; 9d2b0c987afd49c25e5c54814263c0eace8c8cc5eabe918548e5c2664ea3bf51; a25e535548268f23ec364de322a5b42566da35a4b0ada4eb6b6f3bf375457ab7; 27155ea8810d0d466b100fe10bbe9788e2bf73d3154908fbd0cc351461ba2ffa; fc19c0062ecd04441ca93ba5bfe5d119fde0b0e5b8c89ff79011255053d1a891; 3892c62c01a04a8b8c24a2d824827096c72ba7b543a97407e763d53b0dd0bac1; db010f55881867bee9a9954c4de764fa86e76e500ef5ea4ac5ce2f047b7b8416; eb611718099704492fc2b4192cd87f9dcad67fbbbc75bbbe13aec4a74848fdd0; e414b58f370c6457e36dcd145c6dbbad80a2fad178ce3112a01fc533ca25bb65,paper/scripts/analyze_ablation.py,not estimable under frozen validation,percentage points,"2,800 planned units / 14 strata",planned paired within-cell bootstrap and secondary McNemar/Holm calculations not performed,A valid rerun requires deterministic opponent-search seeding or a fixed computational budget and a newly frozen protocol; the current raw runs must remain preserved.,OMIT
ABL-WITHIN,Four-cell ablation,"Post-failure candidate-versus-own-control realized-run descriptions for C2, C3, and C4.",VERIFIED_WITH_CAVEAT,paper/data/ablation/training_report.json; training/evaluate_deterministic_crn.py; artifacts/sprint_870/opponents/Broader1/agent/search.py; artifacts/sprint_870/opponents/Broader1/main.py; artifacts/sprint_870/opponents/Broader2/ptcg_ai/Broader2/search.py; artifacts/sprint_870/opponents/Broader2/main.py; vendor/cg/api.py; ptcg_ai/external.py; paper/data/ablation/raw/c2_identity_a2_Matched1.json; paper/data/ablation/raw/c3_blind_trained_Matched1.json; paper/data/fresh_confirmation/raw/Matched1.json; paper/data/ablation/raw/c2_identity_a2_Matched2.json; paper/data/ablation/raw/c3_blind_trained_Matched2.json; paper/data/fresh_confirmation/raw/Matched2.json; paper/data/ablation/raw/c2_identity_a2_Matched3.json; paper/data/ablation/raw/c3_blind_trained_Matched3.json; paper/data/fresh_confirmation/raw/Matched3.json; paper/data/ablation/raw/c2_identity_a2_Matched4.json; paper/data/ablation/raw/c3_blind_trained_Matched4.json; paper/data/fresh_confirmation/raw/Matched4.json; paper/data/ablation/raw/c2_identity_a2_Broader1.json; paper/data/ablation/raw/c3_blind_trained_Broader1.json; paper/data/fresh_confirmation/raw/Broader1.json; paper/data/ablation/raw/c2_identity_a2_Broader2.json; paper/data/ablation/raw/c3_blind_trained_Broader2.json; paper/data/fresh_confirmation/raw/Broader2.json; paper/data/ablation/raw/c2_identity_a2_Broader3.json; paper/data/ablation/raw/c3_blind_trained_Broader3.json; paper/data/fresh_confirmation/raw/Broader3.json,$.within_run_descriptive,paper/aps-open-science-202608,63ea3135709646c41feb892e863a8bc00e758ed3,41dbf7bbd3da62cd307f21bc4a60e9b4596ae5c41f64396751134daa29832220; fa60021b0906401aeb2c7c33e0f65f586eff256d83d689d688a86a40480e1341; 658ed0280ed70bad423d39b35a19a79491518fbbf2a82996ac9ac00d90204b6a; 7ce106340de055db14e283bf692d10d4ebbaff136d2825caa84c377175376537; 14fdb20b672aa16a6f7d02a1b923f4194d44c26f082ddddb288e729f64c2c291; 4f7dd46f778e75bc9d865619f2577129ab4ad4ae643a41e4b4876297760bbb5c; 593f1298e52a635f90f8f505a52113e9af114f444c293404e37906f18ee06ced; f18294f2e1ee60630fdcc8a63422aa1115365a0b31edeb4ffa6079a270944283; 9027d8e1f8e223a9c1302f387eccf1e3f973398fd73614ae30046400930f9233; b8cea10f24913d9b2c1853c847e60d3d10e748f5d891948c8071a29444d53b96; 3c161a3d52c0e2ee383cb6b7493ad5ded03ab320097bb6b184a7a71d086407fb; 600501d6b78552e9a410e586763e9b7673b66233520b6f46aaa8221839e45592; 0070df3c12cd02c848fee621a849efe5a626c8aa8b0af00e220819f0ce0f5883; b2d325adbfa752ea2ef05cc0e6c001ca5b2624e70aa5b3230fe61f16f2032370; bcaf8401c04a180567fa38e92931e1cffb9fda0447bb2e72132379216327d005; a53390700ebff70f0514731ecde68435061254211ab125d691da3ab71c0ee246; c52c072d1df4dd6d8dfbbf668d2aeeee553a50b6cb12b0157a523b1d9b2b9734; 7ef754cbb07ff21899990af9f7ea1d32a6fe74da45a6c732f5d3de4cddf73926; f1d2006c08a3fda6f847998185590132a7909273bf36fcb44ac5fe16166914a1; 1c31c89df874ba793112922026db322a2c24c30341b7d71b9562e87982e081ef; 26c08c7ad3bd20742b44ebb80d662eb9d85c67876ade83e5a0fbb15510656b3f; 9d2b0c987afd49c25e5c54814263c0eace8c8cc5eabe918548e5c2664ea3bf51; a25e535548268f23ec364de322a5b42566da35a4b0ada4eb6b6f3bf375457ab7; 27155ea8810d0d466b100fe10bbe9788e2bf73d3154908fbd0cc351461ba2ffa; fc19c0062ecd04441ca93ba5bfe5d119fde0b0e5b8c89ff79011255053d1a891; 3892c62c01a04a8b8c24a2d824827096c72ba7b543a97407e763d53b0dd0bac1; db010f55881867bee9a9954c4de764fa86e76e500ef5ea4ac5ce2f047b7b8416; eb611718099704492fc2b4192cd87f9dcad67fbbbc75bbbe13aec4a74848fdd0; e414b58f370c6457e36dcd145c6dbbad80a2fad178ce3112a01fc533ca25bb65,paper/scripts/analyze_ablation.py,C2-C1 (C2 run) -0.107 pp; C3-C1 (C3 run) -0.679 pp; C4-C1 (C4 run) +2.786 pp,percentage points,"2,800 units per realized run",exact descriptive aggregation; no interval or hypothesis test,"Process-pool scheduling, wall-clock search, and process-local native search state were not serialized or coupled. These values are not validated common-random-number ablation estimates.",INCLUDE
ABL-EXP-5,Four-cell ablation,Post hoc five-opponent whole-package control-parity sensitivity.,VERIFIED_WITH_CAVEAT,paper/data/ablation/training_report.json; training/evaluate_deterministic_crn.py; artifacts/sprint_870/opponents/Broader1/agent/search.py; artifacts/sprint_870/opponents/Broader1/main.py; artifacts/sprint_870/opponents/Broader2/ptcg_ai/Broader2/search.py; artifacts/sprint_870/opponents/Broader2/main.py; vendor/cg/api.py; ptcg_ai/external.py; paper/data/ablation/raw/c2_identity_a2_Matched1.json; paper/data/ablation/raw/c3_blind_trained_Matched1.json; paper/data/fresh_confirmation/raw/Matched1.json; paper/data/ablation/raw/c2_identity_a2_Matched2.json; paper/data/ablation/raw/c3_blind_trained_Matched2.json; paper/data/fresh_confirmation/raw/Matched2.json; paper/data/ablation/raw/c2_identity_a2_Matched3.json; paper/data/ablation/raw/c3_blind_trained_Matched3.json; paper/data/fresh_confirmation/raw/Matched3.json; paper/data/ablation/raw/c2_identity_a2_Matched4.json; paper/data/ablation/raw/c3_blind_trained_Matched4.json; paper/data/fresh_confirmation/raw/Matched4.json; paper/data/ablation/raw/c2_identity_a2_Broader1.json; paper/data/ablation/raw/c3_blind_trained_Broader1.json; paper/data/fresh_confirmation/raw/Broader1.json; paper/data/ablation/raw/c2_identity_a2_Broader2.json; paper/data/ablation/raw/c3_blind_trained_Broader2.json; paper/data/fresh_confirmation/raw/Broader2.json; paper/data/ablation/raw/c2_identity_a2_Broader3.json; paper/data/ablation/raw/c3_blind_trained_Broader3.json; paper/data/fresh_confirmation/raw/Broader3.json,$.exploratory_reproducible_control_subset,paper/aps-open-science-202608,63ea3135709646c41feb892e863a8bc00e758ed3,41dbf7bbd3da62cd307f21bc4a60e9b4596ae5c41f64396751134daa29832220; fa60021b0906401aeb2c7c33e0f65f586eff256d83d689d688a86a40480e1341; 658ed0280ed70bad423d39b35a19a79491518fbbf2a82996ac9ac00d90204b6a; 7ce106340de055db14e283bf692d10d4ebbaff136d2825caa84c377175376537; 14fdb20b672aa16a6f7d02a1b923f4194d44c26f082ddddb288e729f64c2c291; 4f7dd46f778e75bc9d865619f2577129ab4ad4ae643a41e4b4876297760bbb5c; 593f1298e52a635f90f8f505a52113e9af114f444c293404e37906f18ee06ced; f18294f2e1ee60630fdcc8a63422aa1115365a0b31edeb4ffa6079a270944283; 9027d8e1f8e223a9c1302f387eccf1e3f973398fd73614ae30046400930f9233; b8cea10f24913d9b2c1853c847e60d3d10e748f5d891948c8071a29444d53b96; 3c161a3d52c0e2ee383cb6b7493ad5ded03ab320097bb6b184a7a71d086407fb; 600501d6b78552e9a410e586763e9b7673b66233520b6f46aaa8221839e45592; 0070df3c12cd02c848fee621a849efe5a626c8aa8b0af00e220819f0ce0f5883; b2d325adbfa752ea2ef05cc0e6c001ca5b2624e70aa5b3230fe61f16f2032370; bcaf8401c04a180567fa38e92931e1cffb9fda0447bb2e72132379216327d005; a53390700ebff70f0514731ecde68435061254211ab125d691da3ab71c0ee246; c52c072d1df4dd6d8dfbbf668d2aeeee553a50b6cb12b0157a523b1d9b2b9734; 7ef754cbb07ff21899990af9f7ea1d32a6fe74da45a6c732f5d3de4cddf73926; f1d2006c08a3fda6f847998185590132a7909273bf36fcb44ac5fe16166914a1; 1c31c89df874ba793112922026db322a2c24c30341b7d71b9562e87982e081ef; 26c08c7ad3bd20742b44ebb80d662eb9d85c67876ade83e5a0fbb15510656b3f; 9d2b0c987afd49c25e5c54814263c0eace8c8cc5eabe918548e5c2664ea3bf51; a25e535548268f23ec364de322a5b42566da35a4b0ada4eb6b6f3bf375457ab7; 27155ea8810d0d466b100fe10bbe9788e2bf73d3154908fbd0cc351461ba2ffa; fc19c0062ecd04441ca93ba5bfe5d119fde0b0e5b8c89ff79011255053d1a891; 3892c62c01a04a8b8c24a2d824827096c72ba7b543a97407e763d53b0dd0bac1; db010f55881867bee9a9954c4de764fa86e76e500ef5ea4ac5ce2f047b7b8416; eb611718099704492fc2b4192cd87f9dcad67fbbbc75bbbe13aec4a74848fdd0; e414b58f370c6457e36dcd145c6dbbad80a2fad178ce3112a01fc533ca25bb65,paper/scripts/analyze_ablation.py,C2-C1 -1.40 pp; C3-C1 -0.70 pp; C4-C1 +3.70 pp; C4-C2 +5.10 pp; C4-C3 +4.40 pp; C4-C3-C2+C1 +5.80 pp,percentage points,"2,000 units / 10 strata / 5 fixed opponent packages","exact descriptive aggregation; no interval, p-value, or multiplicity claim",The subset was defined after the parity failure using identical available serialized C1 win/draw/error/decision summaries; traces were unavailable. It changes the target population and is not confirmatory.,INCLUDE
NEG-01,Negative and null experiments,Two-turn temporal takeover did not demonstrate benefit in its bounded confirmation.,VERIFIED,artifacts/Matched_b_final_confirmation_vs_Matched2_second_400pairs.json; artifacts/Matched_b_final_confirmation_vs_Matched3_second_400pairs.json; artifacts/Matched_b_final_confirmation_vs_Matched4_second_400pairs.json,paper/data/negative_results.json $.results[0],archive/Matched-5k-variance-floor,816f537548d7733642e32c7ffa59c48151a4e3ce,e6e223e1f0651098eb8e72b40a2b5ffb1a8a3b075baa49e5bfd417c8eb9fc8a5; ca7aedc06d2d9e96d3e351d07975c2917fecc739dd5dbe0877ad725a6843ce3d; b099ca4b94c77375256408b1b4c3987cd1130d7ee114a9b24939b0ee67534550,paper/scripts/build_negative_results.py,"+0.083 pp; CI [-2.000,+2.167]",percentage points,1200,paired bootstrap stratified over three opponents; 100000 draws,actual-second; three fixed internal opponents,INCLUDE
NEG-02,Negative and null experiments,Bounded sequence oracle did not demonstrate benefit in its bounded confirmation.,VERIFIED,artifacts/Matched_sequence_oracle_v0/manifest.json; artifacts/Matched_sequence_oracle_v0/stage1_roots.jsonl.gz; artifacts/Matched_sequence_oracle_v0/stage1_raw_results.jsonl.gz,paper/data/negative_results.json $.results[1],archive/Matched-5k-variance-floor,def0c62a6cb804d8991df5c91a541037afc50cde,d5e66f88878591d7f2a6d0270c9949aa9f4e591bb44b2855f8e072c57bed6846; fd98f2792f349e75a77917fb94c380b26409c604cdfb04de2622d3a418765032; 4fed0067e8a2c04533428459379d0b25abc07f4e9fadd08ff03ca3a5f389d953,paper/scripts/build_negative_results.py,"+0.313 pp; CI [-1.458,+1.979]",percentage points,960,root-cluster bootstrap; 100000 draws,second-own-turn roots; three fixed opponents; at most two deviations,INCLUDE
NEG-GATE,Negative and null experiments,The sequence-oracle report names a +3 percentage-point decision gate.,VERIFIED_WITH_CAVEAT,paper/data/negative_results.json,$.results[bounded_sequence_oracle].historically_reported_gate and gate_provenance_*,archive/Matched-5k-variance-floor,def0c62a6cb804d8991df5c91a541037afc50cde,9a9d8ff7b70a04c492ceae5e8bc5707158d5de5d4f435d3973712ad05fb8e5f7,paper/scripts/build_negative_results.py,"+3.000 pp, historically reported; advance specification not independently verified",percentage points,not applicable,Git object/blob/SHA-256 verification,The report and gate-bearing implementation first entered reachable Git history with the result artifacts; advance specification is not independently verified.,INCLUDE
LIVE-001,Secondary live evidence,The latest surviving live snapshot records EXP23 at 19 wins and 14 losses over 33 games.,VERIFIED_WITH_CAVEAT,docs/sprints/final_overnight/DIPB_NEW_LOSS_BUCKETS_20260816.md,"section 1, EXP23 snapshot",final/overnight-20260816,1333272cbe442a78359db3d645f9c1e9b58220e9,0afd8378039f100a5ea5cf390e82d0abd10920bcb25819b22a3edee0c8bfbe31,report extraction,19-14 (57.6%),live games/win proportion,33 games,exact arithmetic from the surviving report snapshot,"Small, adaptively observed public-competition sample with heterogeneous opponents, no paired control, no frozen sampling frame, and no population estimand. It is secondary evidence only and is omitted from the numerical manuscript claims.",OMIT
HIST-CONFLICT-001,Evidence audit,"Historical approximately 3,600-pair Matched effect was approximately +4.5 pp.",CONFLICT,artifacts/final_sprint/exp23_vs_ctl_Matched1_p1200b.json; artifacts/final_sprint/exp23_vs_ctl_Matched3_p800.json; artifacts/final_sprint/exp23_vs_ctl_Matched3_p800_fresh.json; artifacts/final_sprint/exp23_vs_ctl_Matched4_p800.json,root rows,final/overnight-20260816,05657c656c04d88b0352bb0db6f9e2a5dce4b234,7fd48c4f0d81ad48baecb98860e578637479943d790cf9ed2e4110ee3a45a551; fc7870569ec45bc33d2c0ca0c9888339af45febc8f9b9fa1e1577b2358769b79; 653eb29775a101228c4fa2a55ca15168dc7fa41430f33f86ddfab5cf468270a4; ee1f09a26acc58b4ea1cd78f0f04663f60cb523f8d39a5fafb9e39a4b787c160,paper/scripts/analyze_results.py,"3,600 selected rows yield +5.472 pp, not +4.5 pp",percentage points,"3,600 nominal pairs",retrospective pooling; overlapping/selected historical schedules,"The nine surviving files contain 5,500 nominal pairs; 600 Matched1 pairs overlap exactly. The sample size and effect do not describe the same estimator.",OMIT
HIST-UNSUP-001,Evidence audit,Historical seven-policy equal macro was +1.8 pp.,UNSUPPORTED,docs/sprints/final_overnight/OVERNIGHT_CERT_20260816.md,summary text only,final/overnight-20260816,de532fa52f41d6bb4dece2c3af41175fed15e952,84df73a1aea033392dabf2e2432c92a8539639e7f3d993967de3f3850b610f9a,artifact search,+1.8,percentage points,reported 7 policies,not reproducible,All field-wave raw JSON and aggregation code are absent.,OMIT
HIST-UNSUP-002,Evidence audit,Historical partial meta-weighted effect was +2.0 pp at 54% coverage.,UNSUPPORTED,docs/sprints/final_overnight/OVERNIGHT_CERT_20260816.md,summary text only,final/overnight-20260816,de532fa52f41d6bb4dece2c3af41175fed15e952,84df73a1aea033392dabf2e2432c92a8539639e7f3d993967de3f3850b610f9a,artifact search,+2.0 pp / 54%,percentage points/coverage,reported partial field,not reproducible,Frozen meta_weights.json and raw wave files are absent.,OMIT
HIST-CONFLICT-002,Evidence audit,CERT-B had 529 decisive disagreements and approval .440 with the reported interval.,CONFLICT,docs/sprints/final_overnight/OVERNIGHT_CERT_20260816.md,CERT-B summary counts; referenced cert_exp23_vs_c0 rows are absent,final/overnight-20260816,de532fa52f41d6bb4dece2c3af41175fed15e952,84df73a1aea033392dabf2e2432c92a8539639e7f3d993967de3f3850b610f9a,arithmetic reconstruction,529 total disagreements = 398 binary decisive + 131 abstain; .440 reconstructs as 175/398; interval cannot be rerun,counts/proportion,529 disagreements,summary arithmetic only,Rows absent; protocol says 10k bootstrap while code defaults to 20k.,OMIT
HIST-RERUN-PPO,Negative and null experiments,Shielded outcome PPO exact numerical result.,REQUIRES_RERUN,docs/sprints/strength_and_a2/A2_SHIELDED_OUTCOME_PPO_AUDIT.md,summary only; referenced raw rows are absent,main,f4451863ea61e007a184695b01f7b4224dff85a6,813918d37aff65a7c94358c5afed643f9cf77ae7e83d2eca1d969a4014476533,artifact search,"+0.15 pp / 2,000 pairs reported",historical summary,raw rows absent,not independently reproducible,Underlying result/package rows are absent.,OMIT
HIST-RERUN-Q,Negative and null experiments,Expected-Q planning exact numerical result.,REQUIRES_RERUN,docs/archive_and_logs/SEEDED_Q_EXPECTED_ADVANTAGE_AUDIT.md,summary only; referenced raw rows are absent,main,f4451863ea61e007a184695b01f7b4224dff85a6,517b206d8d8873c831da0f0330b0e50f09aac6af6d07d993107234f502ee0292,artifact search,3 stable labels reported,historical summary,raw rows absent,not independently reproducible,Underlying result/package rows are absent.,OMIT
HIST-RERUN-DIR,Negative and null experiments,Old Turn Director exact numerical result.,REQUIRES_RERUN,docs/strategy/POSTMORTEM_SEARCH_V1.md,summary only; referenced raw rows are absent,main,d78a00d428d6845fd0177fdfda5f7eea14f2377e,778849a7a5d15f485ae7f34a578a72a66995643e2763d96785b16cf246b5dd0a,artifact search,52.95% vs 54.35% reported in unpaired arms,historical summary,raw rows absent,not independently reproducible,Underlying result/package rows are absent.,OMIT
