claim_id,manuscript_section,claim,raw_source,source_hash,protocol_commit,command,analysis_script,unit,denominator,estimate,uncertainty,assumptions,allowed_wording,forbidden_wording,status
C001,Abstract/8,The retained corpus contains 34160 decision cells and 854 outcome pairs.,redesign/results/final/raw/decisions_and_pairs.jsonl,ead6dd392c61767c914f9bb1956b7a82213c5889f3e95faf15c4a3f3ec5d2540,62ad878,redesign/.venv/bin/python redesign/analysis/complete_analysis.py,redesign/analysis/complete_analysis.py; redesign/analysis/independent_reaggregate.py,rows,35014,exact count,none; exact corpus count,JSONL parses and level field is valid,report exact retained counts,call S7 accidental missingness,VERIFIED
C002,8,The raw-integrity audit passes and binds the raw file to its SHA-256.,redesign/results/final/aggregates/raw_integrity.json,f2500750e6132055cd96513e51b15d0d855ecf71bbff76d133c64a047b7e2a22,62ad878,redesign/.venv/bin/python redesign/analysis/complete_analysis.py,redesign/analysis/complete_analysis.py; redesign/analysis/independent_reaggregate.py,file,1,cryptographic digest,none,SHA-256 implementation,state PASS with digest,imply independent scientific validation,DERIVED_BY_CHECKED_SCRIPT
C003,4/5,S7 retains 27/40 rows per system by the frozen drop-every-third construction.,redesign/protocol/EXPECTED_DECISION_TABLE.json,36d1cb42cee7d4e49a9454ea53d39b864dcacbc7c732f5ecf8bbd484ff26e4ed,62ad878,redesign/.venv/bin/python redesign/analysis/complete_analysis.py,redesign/analysis/complete_analysis.py; redesign/analysis/independent_reaggregate.py,schedule rows per system,40,27 retained exactly,none; deterministic schedule rule,manifest order and runner rule,planned missingness,silent accidental loss,VERIFIED
C004,Abstract/8,B7 Branch-B hard-invalid detection is 100.0% (160/160).,redesign/results/final/aggregates/decision_metrics.json,be0de44bb82a2aee29c39a90d786ea73b8454e65f0e4ef83bd02334fc33bd388,62ad878,redesign/.venv/bin/python redesign/analysis/complete_analysis.py,redesign/analysis/complete_analysis.py; redesign/analysis/independent_reaggregate.py,labeled decision cell,160,100.0%,"Wilson [0.977,1.000]",construction labels; cell unit,detected all designed hard-invalid Branch-B cells,generalizes to natural failure prevalence,DERIVED_BY_CHECKED_SCRIPT
C005,Abstract/8,B7 Branch-B false suppression is 37.5% (120/320).,redesign/results/final/aggregates/decision_metrics.json,be0de44bb82a2aee29c39a90d786ea73b8454e65f0e4ef83bd02334fc33bd388,62ad878,redesign/.venv/bin/python redesign/analysis/complete_analysis.py,redesign/analysis/complete_analysis.py; redesign/analysis/independent_reaggregate.py,labeled decision cell,320,37.5%,"Wilson [0.324,0.429]",construction-valid labels,suppressed/downgraded valid designed cells,universal real-world false-suppression rate,DERIVED_BY_CHECKED_SCRIPT
C006,Abstract/8,B5 Branch-B detection is 100.0% and false suppression is 0.0%.,redesign/results/final/aggregates/decision_metrics.json,be0de44bb82a2aee29c39a90d786ea73b8454e65f0e4ef83bd02334fc33bd388,62ad878,redesign/.venv/bin/python redesign/analysis/complete_analysis.py,redesign/analysis/complete_analysis.py; redesign/analysis/independent_reaggregate.py,labeled decision cell,invalid 160; valid 320,100.0%; 0.0%,Wilson intervals in source,same scenario bank as B7,observed on frozen bank,equivalent to B7 or universally better,DERIVED_BY_CHECKED_SCRIPT
C007,Abstract/8/15,B7 overall detection is 89.4% and pooled false suppression is 14.6%; the gate fails.,redesign/results/final/aggregates/success_criteria.json,22bd766bf9134a760318e5642a83183cd797ced84d065002b7b79cff7ce09529,62ad878,redesign/.venv/bin/python redesign/analysis/complete_analysis.py,redesign/analysis/complete_analysis.py; redesign/analysis/independent_reaggregate.py,labeled decision cell,all applicable hard-invalid/valid cells,gate=false,branch Wilson intervals,prespecified criteria,failed predeclared recommendation gate,framework invalid in every possible use,DERIVED_BY_CHECKED_SCRIPT
C008,8,B7 Branch-C detection is 48.8%.,redesign/results/final/aggregates/decision_metrics.json,be0de44bb82a2aee29c39a90d786ea73b8454e65f0e4ef83bd02334fc33bd388,62ad878,redesign/.venv/bin/python redesign/analysis/complete_analysis.py,redesign/analysis/complete_analysis.py; redesign/analysis/independent_reaggregate.py,labeled decision cell,320,48.8%,"Wilson [0.433,0.542]",frozen labels include defective Ising mechanics,reference implementation missed designed Branch-C labels,natural replay failure sensitivity,VERIFIED_WITH_CAVEAT
C009,11,"B7 differs by system: hold'em detection 99.1%, Ising 79.7%.",redesign/results/final/aggregates/cross_system.json,a1be13d8a14ef02b0d09cff4c54da388f0f7ed6d0df7f30e4bc1f4b0a3183908,62ad878,redesign/.venv/bin/python redesign/analysis/complete_analysis.py,redesign/analysis/complete_analysis.py; redesign/analysis/independent_reaggregate.py,labeled decision cell,two systems,system-specific pooled rates,descriptive only,systems and wrappers differ,cross-system magnitude difference,causal attribution to domain,VERIFIED_WITH_CAVEAT
C010,11,Cross-system Kendall tau-b is 0.81.,redesign/results/final/aggregates/cross_system.json,a1be13d8a14ef02b0d09cff4c54da388f0f7ed6d0df7f30e4bc1f4b0a3183908,62ad878,redesign/.venv/bin/python redesign/analysis/complete_analysis.py,redesign/analysis/complete_analysis.py; redesign/analysis/independent_reaggregate.py,eight method scores,8 methods x 2 systems,tau-b=0.808290,no interval; two systems,predeclared M1-M2 ordering only,rank association,probability/utility or broad consistency,DERIVED_BY_CHECKED_SCRIPT
C011,Abstract/9/14,M4-M6 are not estimable as frozen because promised outcome banks were not retained.,redesign/results/final/aggregates/estimability.json,18208b122917e4a25ba85d176e6831a994ca1d471852b7f042d150b1f4f59f0b,62ad878,redesign/.venv/bin/python redesign/analysis/complete_analysis.py,redesign/analysis/complete_analysis.py; redesign/analysis/independent_reaggregate.py,planned metric,M4-M6,NOT_ESTIMABLE/PARTIAL,schema audit,absence verified against raw fields/runner,not estimable as predeclared,call centered proxies confirmatory coverage/type-I/power,VERIFIED
C012,9,S0 R is 1.153 in hold'em and 0.858 in Ising; intervals include one.,redesign/results/final/aggregates/variance_ratios.json,e5f9a8c4d5579a6ba2b989dd227ce340fa07161a294d66f34dacf8fdd8b5fa00,62ad878,redesign/.venv/bin/python redesign/analysis/complete_analysis.py,redesign/analysis/complete_analysis.py; redesign/analysis/independent_reaggregate.py,seed pair,40 per system,two ratios,delta-method intervals,cyclic re-pairing; shared bank,measured S0 ratios,coupling validity or general variance benefit,VERIFIED_WITH_CAVEAT
C013,9,Hold'em S3 has zero paired-difference variance because the event-keyed path collapses the policy contrast.,redesign/benchmark/runner.py,422fd1cdba46389b6f6d30378c96ae8991a50354ecbd708f25c5e5fed28ddad3,62ad878,redesign/.venv/bin/python redesign/analysis/complete_analysis.py,redesign/analysis/complete_analysis.py; redesign/analysis/independent_reaggregate.py,seed pair,40,variance=0,exact code/row inspection,event-keyed action function ignores policy,degenerate benchmark warning,strong CRN evidence,VERIFIED_WITH_CAVEAT
C014,10,Median pair runtime is 0.0064s hold'em and 1.164s Ising.,redesign/results/final/aggregates/costs.json,19d8e4b5d12edf0931c1615b0014d70a3748f26a58b1ff9a84330f74b41a8579,62ad878,redesign/.venv/bin/python redesign/analysis/complete_analysis.py,redesign/analysis/complete_analysis.py; redesign/analysis/independent_reaggregate.py,retained outcome pair,427 per system,medians,descriptive p95 in source,instrumented scenario mixture,observed system acquisition cost,per-method runtime,DERIVED_BY_CHECKED_SCRIPT
C015,10,Trace microbenchmark overhead is 32.9% hold'em and 92.2% Ising.,redesign/results/final/aggregates/overhead.json,7743335f584803bf5f687552796c669c2c25e310abbaee1afb44ea83c1771ec9,62ad878,redesign/.venv/bin/python redesign/analysis/complete_analysis.py,redesign/analysis/complete_analysis.py; redesign/analysis/independent_reaggregate.py,analysis microbenchmark run,50 per mode/system,median relative overhead,run distribution descriptive,"bare and instrumented implementations differ only in logging intent, not necessarily exact path",bounded analysis-stage overhead,universal performance cost,VERIFIED_WITH_CAVEAT
C016,12,"Historical counts are 99/200 trace, 210/2800 outcome-record, and 458/2800 available-record disagreements.",paper/final_protocol/INDEPENDENT_STATISTICAL_AUDIT_FINAL.md,e130f7a44dc684aaef679a3f3cc20ae5d06f68f432d9e9a467942e4632b14a31,62ad878,redesign/.venv/bin/python redesign/analysis/complete_analysis.py,redesign/analysis/complete_analysis.py; redesign/analysis/independent_reaggregate.py,historical unit,200 and 2800,exact counts,historical audit,restricted retrospective sources,motivation only,pool with prospective evidence,VERIFIED_WITH_CAVEAT
C017,3,The manuscript-stage novelty gate found no single source supplying all fatal-gate elements.,redesign/NOVELTY_AUDIT.md,1bae7a7ca169caf77bf9779c010f0875e7650cba448ac8afddc2d4bd6993f021,62ad878,redesign/.venv/bin/python redesign/analysis/complete_analysis.py,redesign/analysis/complete_analysis.py; redesign/analysis/independent_reaggregate.py,literature source,targeted audit,gate passed,search cannot prove absence,current primary metadata checked,no substantially complete overlap found,absolute priority claim,VERIFIED_WITH_CAVEAT
C018,4,Protocol commit 62ad878 was pushed before final outcome acquisition.,redesign/protocol/FREEZE_RECORD.md,56706c9544151e49fc7106a4c2987669dedbb79064a6db8e9301b31fcb51a5bf,62ad878,redesign/.venv/bin/python redesign/analysis/complete_analysis.py,redesign/analysis/complete_analysis.py; redesign/analysis/independent_reaggregate.py,git commit chronology,1 freeze,commit precedes untracked raw acquisition,git history and handoff log,system clock/git history trusted,public git-history freeze,public registry registration,VERIFIED
C019,4/16,RLCard 1.2.0 and ising-monte-carlo-toolkit are MIT-licensed.,redesign/release/THIRD_PARTY_NOTICES.md,022898845afd6425d19710da567226bcd821abc9190061a58a88e488d480095b,62ad878,redesign/.venv/bin/python redesign/analysis/complete_analysis.py,redesign/analysis/complete_analysis.py; redesign/analysis/independent_reaggregate.py,selected system,2,MIT/MIT,verbatim installed license copies,installed distributions match selected versions,license files identify upstream terms,legal opinion beyond copied terms,VERIFIED
C020,15,The final machine go/no-go is NOT_READY_DO_NOT_SUBMIT.,redesign/results/final/aggregates/success_criteria.json,22bd766bf9134a760318e5642a83183cd797ced84d065002b7b79cff7ce09529,62ad878,redesign/.venv/bin/python redesign/analysis/complete_analysis.py,redesign/analysis/complete_analysis.py; redesign/analysis/independent_reaggregate.py,readiness criterion,multiple required gates,not ready,fail-closed decision,human review and M4-M6 absent; gate failed,machine readiness decision,journal rejection forecast,DERIVED_BY_CHECKED_SCRIPT
