defect_id,discovery_source,original_artifact_and_line,scientific_consequence,repair,regression_test,disposition,repair_commit,outcome_exposure_timing
DR2-C-G08,D-R2 prior deviation,prospective_repair/runner/acquire.py run_pair line UNKNOWN,Branch-C scope evidence for G08 did not reach routing,NOT_ATTEMPTED_NOVELTY_GATE_PRECEDES_IMPLEMENTATION,NOT_CREATED,PRESERVED_OPEN_IN_FAILED_CAMPAIGN,NOT_APPLICABLE,AFTER_PRIOR_OUTCOME_EXPOSURE
DR2-C-G09,D-R2 prior deviation,prospective_repair/runner/acquire.py run_pair line UNKNOWN,Branch-C scope evidence for G09 did not reach routing,NOT_ATTEMPTED_NOVELTY_GATE_PRECEDES_IMPLEMENTATION,NOT_CREATED,PRESERVED_OPEN_IN_FAILED_CAMPAIGN,NOT_APPLICABLE,AFTER_PRIOR_OUTCOME_EXPOSURE
DR2-C-G18,D-R2 prior deviation,prospective_repair/runner/acquire.py run_pair line UNKNOWN,Branch-C scope evidence for G18 did not reach routing,NOT_ATTEMPTED_NOVELTY_GATE_PRECEDES_IMPLEMENTATION,NOT_CREATED,PRESERVED_OPEN_IN_FAILED_CAMPAIGN,NOT_APPLICABLE,AFTER_PRIOR_OUTCOME_EXPOSURE
DR2-E-DENOM,D-R2 prior deviation,prospective_repair/runner/bundle_builder.py line UNKNOWN,Policy-scoped keys contaminated Branch-E coverage denominators,NOT_ATTEMPTED_NOVELTY_GATE_PRECEDES_IMPLEMENTATION,NOT_CREATED,PRESERVED_OPEN_IN_FAILED_CAMPAIGN,NOT_APPLICABLE,AFTER_PRIOR_OUTCOME_EXPOSURE
DR2-D-ISING-SYNC,D-R2 prior deviation,prospective_repair/runner/bundle_builder.py line UNKNOWN,Interleaved Ising logs were compared by position rather than semantic event,NOT_ATTEMPTED_NOVELTY_GATE_PRECEDES_IMPLEMENTATION,NOT_CREATED,PRESERVED_OPEN_IN_FAILED_CAMPAIGN,NOT_APPLICABLE,AFTER_PRIOR_OUTCOME_EXPOSURE
STAT-FIG3-SUM,takeover brief,prospective_repair/analysis/make_figures_tables.py line UNKNOWN,Summed branch rates produce impossible probabilities such as 4.375,NOT_ATTEMPTED_NOVELTY_GATE_PRECEDES_IMPLEMENTATION,NOT_CREATED,PRESERVED_OPEN_IN_FAILED_CAMPAIGN,NOT_APPLICABLE,UNKNOWN_PRIOR_CAMPAIGN_STAGE
STAT-RD-COUNTS,takeover brief,prospective_repair/analysis/analyze.py line UNKNOWN,Counts mislabeled as risk differences can fall outside [-1 1],NOT_ATTEMPTED_NOVELTY_GATE_PRECEDES_IMPLEMENTATION,NOT_CREATED,PRESERVED_OPEN_IN_FAILED_CAMPAIGN,NOT_APPLICABLE,UNKNOWN_PRIOR_CAMPAIGN_STAGE
STAT-COVERAGE-NA,takeover brief,prospective_repair/analysis/analyze.py line UNKNOWN,NOT_APPLICABLE rows enter applicability-adjusted coverage,NOT_ATTEMPTED_NOVELTY_GATE_PRECEDES_IMPLEMENTATION,NOT_CREATED,PRESERVED_OPEN_IN_FAILED_CAMPAIGN,NOT_APPLICABLE,UNKNOWN_PRIOR_CAMPAIGN_STAGE
STAT-DOWNGRADE-OMIT,takeover brief,prospective_repair/analysis/analyze.py line UNKNOWN,DOWNGRADE cases disappear from headline metrics,NOT_ATTEMPTED_NOVELTY_GATE_PRECEDES_IMPLEMENTATION,NOT_CREATED,PRESERVED_OPEN_IN_FAILED_CAMPAIGN,NOT_APPLICABLE,UNKNOWN_PRIOR_CAMPAIGN_STAGE
STAT-PSEUDOREP,takeover brief,prospective_repair/analysis/analyze.py line UNKNOWN,Repeated seed rows are treated as independent failure mechanisms,NOT_ATTEMPTED_NOVELTY_GATE_PRECEDES_IMPLEMENTATION,NOT_CREATED,PRESERVED_OPEN_IN_FAILED_CAMPAIGN,NOT_APPLICABLE,UNKNOWN_PRIOR_CAMPAIGN_STAGE
STAT-UNPAIRED-Z,takeover brief,prospective_repair/analysis/stats.py line UNKNOWN,Unpaired two-proportion tests are used for matched observations,NOT_ATTEMPTED_NOVELTY_GATE_PRECEDES_IMPLEMENTATION,NOT_CREATED,PRESERVED_OPEN_IN_FAILED_CAMPAIGN,NOT_APPLICABLE,UNKNOWN_PRIOR_CAMPAIGN_STAGE
STAT-MULTIPLICITY,takeover brief,prospective_repair/analysis/stats.py line UNKNOWN,Secondary contrasts lack a clear multiplicity policy,NOT_ATTEMPTED_NOVELTY_GATE_PRECEDES_IMPLEMENTATION,NOT_CREATED,PRESERVED_OPEN_IN_FAILED_CAMPAIGN,NOT_APPLICABLE,UNKNOWN_PRIOR_CAMPAIGN_STAGE
STAT-DENOM-VIS,takeover brief,prospective_repair/analysis/analyze.py line UNKNOWN,Method denominators vary without sufficiently visible reporting,NOT_ATTEMPTED_NOVELTY_GATE_PRECEDES_IMPLEMENTATION,NOT_CREATED,PRESERVED_OPEN_IN_FAILED_CAMPAIGN,NOT_APPLICABLE,UNKNOWN_PRIOR_CAMPAIGN_STAGE
COST-NOT-INGESTED,takeover brief,prospective_repair/analysis/analyze.py line UNKNOWN,The 4800-row cost bank is absent from analysis,NOT_ATTEMPTED_NOVELTY_GATE_PRECEDES_IMPLEMENTATION,NOT_CREATED,PRESERVED_OPEN_IN_FAILED_CAMPAIGN,NOT_APPLICABLE,UNKNOWN_PRIOR_CAMPAIGN_STAGE
COST-ZERO-ROWS,takeover brief,prospective_repair/results/final/aggregates/results_aggregates.json line UNKNOWN,Final aggregates report zero cost rows despite retained measurements,NOT_ATTEMPTED_NOVELTY_GATE_PRECEDES_IMPLEMENTATION,NOT_CREATED,PRESERVED_OPEN_IN_FAILED_CAMPAIGN,NOT_APPLICABLE,UNKNOWN_PRIOR_CAMPAIGN_STAGE
COST-EMPTY-TABLE,takeover brief,prospective_repair/manuscript/FINAL_MANUSCRIPT_FOR_REVIEW.md section 7.3,The manuscript cost table is empty,NOT_ATTEMPTED_NOVELTY_GATE_PRECEDES_IMPLEMENTATION,NOT_CREATED,PRESERVED_OPEN_IN_FAILED_CAMPAIGN,NOT_APPLICABLE,AFTER_PRIOR_OUTCOME_EXPOSURE
COST-SENTINEL,takeover brief,prospective_repair/analysis/gen_gates.py line UNKNOWN,Missing costs become sentinel values in Pareto comparisons,NOT_ATTEMPTED_NOVELTY_GATE_PRECEDES_IMPLEMENTATION,NOT_CREATED,PRESERVED_OPEN_IN_FAILED_CAMPAIGN,NOT_APPLICABLE,UNKNOWN_PRIOR_CAMPAIGN_STAGE
COST-EMPTY-BUNDLES,takeover brief,prospective_repair/runner/acquire.py line UNKNOWN,B7 and B6 costs are measured on empty evidence bundles,NOT_ATTEMPTED_NOVELTY_GATE_PRECEDES_IMPLEMENTATION,NOT_CREATED,PRESERVED_OPEN_IN_FAILED_CAMPAIGN,NOT_APPLICABLE,UNKNOWN_PRIOR_CAMPAIGN_STAGE
COST-B1-WRONG-WORK,takeover brief,prospective_repair/runner/acquire.py line UNKNOWN,B1 times run_pair while described as micro-A/A cost,NOT_ATTEMPTED_NOVELTY_GATE_PRECEDES_IMPLEMENTATION,NOT_CREATED,PRESERVED_OPEN_IN_FAILED_CAMPAIGN,NOT_APPLICABLE,UNKNOWN_PRIOR_CAMPAIGN_STAGE
COST-NO-GUARD,takeover brief,prospective_repair/runner/freeze_guard.py and acquire.py lines UNKNOWN,Cost acquisition lacks the primary freeze guard,NOT_ATTEMPTED_NOVELTY_GATE_PRECEDES_IMPLEMENTATION,NOT_CREATED,PRESERVED_OPEN_IN_FAILED_CAMPAIGN,NOT_APPLICABLE,UNKNOWN_PRIOR_CAMPAIGN_STAGE
COST-ZERO-PLACEHOLDER,takeover brief,prospective_repair runner line UNKNOWN,Required timing fields contain 0.0 placeholders,NOT_ATTEMPTED_NOVELTY_GATE_PRECEDES_IMPLEMENTATION,NOT_CREATED,PRESERVED_OPEN_IN_FAILED_CAMPAIGN,NOT_APPLICABLE,UNKNOWN_PRIOR_CAMPAIGN_STAGE
CRN-INELIGIBLE-GROUPING,takeover brief,prospective_repair/analysis/analyze.py line UNKNOWN,Grouping by repeat identity makes multi-repeat eligibility impossible,NOT_ATTEMPTED_NOVELTY_GATE_PRECEDES_IMPLEMENTATION,NOT_CREATED,PRESERVED_OPEN_IN_FAILED_CAMPAIGN,NOT_APPLICABLE,UNKNOWN_PRIOR_CAMPAIGN_STAGE
CRN-REPLICATION-DESIGN,takeover brief,prospective_repair/protocol/ANALYSIS_PLAN.md section C,The frozen bank lacks estimator replications for variance comparison,NOT_ATTEMPTED_NOVELTY_GATE_PRECEDES_IMPLEMENTATION,NOT_CREATED,PRESERVED_OPEN_IN_FAILED_CAMPAIGN,NOT_APPLICABLE,BEFORE_PRIOR_CONFIRMATORY_ACQUISITION_BUT_UNRESOLVED
CRN-CONCLUSION-MISSING,takeover brief,prospective_repair results aggregate set,Promised conclusion-change output is absent,NOT_ATTEMPTED_NOVELTY_GATE_PRECEDES_IMPLEMENTATION,NOT_CREATED,PRESERVED_OPEN_IN_FAILED_CAMPAIGN,NOT_APPLICABLE,UNKNOWN_PRIOR_CAMPAIGN_STAGE
PROV-FREEZE-NULL,takeover brief,prospective_repair/results/final/run_meta.json,Run metadata records freeze_sha null,NOT_ATTEMPTED_NOVELTY_GATE_PRECEDES_IMPLEMENTATION,NOT_CREATED,PRESERVED_OPEN_IN_FAILED_CAMPAIGN,NOT_APPLICABLE,AFTER_PRIOR_OUTCOME_EXPOSURE
PROV-HARDCODED,takeover brief,prospective_repair/runner/acquire.py line UNKNOWN,Acquisition provenance is hardcoded rather than read from Git state,NOT_ATTEMPTED_NOVELTY_GATE_PRECEDES_IMPLEMENTATION,NOT_CREATED,PRESERVED_OPEN_IN_FAILED_CAMPAIGN,NOT_APPLICABLE,UNKNOWN_PRIOR_CAMPAIGN_STAGE
SCHEMA-WIDE-LONG,takeover brief,prospective_repair/protocol/OUTPUT_SCHEMAS.json,Documented wide paired rows disagree with emitted long per-arm rows,NOT_ATTEMPTED_NOVELTY_GATE_PRECEDES_IMPLEMENTATION,NOT_CREATED,PRESERVED_OPEN_IN_FAILED_CAMPAIGN,NOT_APPLICABLE,UNKNOWN_PRIOR_CAMPAIGN_STAGE
OUTPUT-MISSING-AGG,takeover brief,prospective_repair/results/final/aggregates,Required aggregate outputs are missing,NOT_ATTEMPTED_NOVELTY_GATE_PRECEDES_IMPLEMENTATION,NOT_CREATED,PRESERVED_OPEN_IN_FAILED_CAMPAIGN,NOT_APPLICABLE,UNKNOWN_PRIOR_CAMPAIGN_STAGE
LEDGER-INCOMPLETE,takeover brief,prospective_repair/claim_ledger.csv,Only five claim rows exist and hashes are incomplete,NOT_ATTEMPTED_NOVELTY_GATE_PRECEDES_IMPLEMENTATION,NOT_CREATED,PRESERVED_OPEN_IN_FAILED_CAMPAIGN,NOT_APPLICABLE,AFTER_PRIOR_OUTCOME_EXPOSURE
REAGG-PARTIAL,takeover brief,prospective_repair/analysis/independent_reaggregate.py,The second pipeline verifies only a subset of headline claims,NOT_ATTEMPTED_NOVELTY_GATE_PRECEDES_IMPLEMENTATION,NOT_CREATED,PRESERVED_OPEN_IN_FAILED_CAMPAIGN,NOT_APPLICABLE,UNKNOWN_PRIOR_CAMPAIGN_STAGE
RISK-OPEN,takeover brief,prospective_repair/SCIENTIFIC_RISK_REGISTER.md,All risks remain open while manuscript wording implies completed mitigations,NOT_ATTEMPTED_NOVELTY_GATE_PRECEDES_IMPLEMENTATION,NOT_CREATED,PRESERVED_OPEN_IN_FAILED_CAMPAIGN,NOT_APPLICABLE,AFTER_PRIOR_OUTCOME_EXPOSURE
DOC-BROKEN-CLAIMS,takeover brief,prospective_repair documentation and tests,Claimed tests or handoff references are absent or broken,NOT_ATTEMPTED_NOVELTY_GATE_PRECEDES_IMPLEMENTATION,NOT_CREATED,PRESERVED_OPEN_IN_FAILED_CAMPAIGN,NOT_APPLICABLE,UNKNOWN_PRIOR_CAMPAIGN_STAGE
DOC-PUBLIC-FREEZE,takeover brief,failed-campaign manuscript historical wording,A private Git freeze was falsely described as public,NOT_ATTEMPTED_NOVELTY_GATE_PRECEDES_IMPLEMENTATION,NOT_CREATED,PRESERVED_OPEN_IN_FAILED_CAMPAIGN,NOT_APPLICABLE,UNKNOWN_PRIOR_CAMPAIGN_STAGE
GATE-READINESS-CONFLATE,takeover brief,prospective_repair/results/final/aggregates/machine_gates.json,Scientific validity and submission readiness are conflated,NOT_ATTEMPTED_NOVELTY_GATE_PRECEDES_IMPLEMENTATION,NOT_CREATED,PRESERVED_OPEN_IN_FAILED_CAMPAIGN,NOT_APPLICABLE,AFTER_PRIOR_OUTCOME_EXPOSURE
BASE-DEFAULT-ADMIT,takeover brief,prospective_repair/framework/baselines.py and predecessor,Unsupported evidence can default to authorization,NOT_ATTEMPTED_NOVELTY_GATE_PRECEDES_IMPLEMENTATION,NOT_CREATED,PRESERVED_OPEN_IN_FAILED_CAMPAIGN,NOT_APPLICABLE,UNKNOWN_PRIOR_CAMPAIGN_STAGE
BASE-STUB-BANKS,takeover brief,prospective_repair baseline evidence acquisition,Stubbed baseline banks invalidate comparisons,NOT_ATTEMPTED_NOVELTY_GATE_PRECEDES_IMPLEMENTATION,NOT_CREATED,PRESERVED_OPEN_IN_FAILED_CAMPAIGN,NOT_APPLICABLE,UNKNOWN_PRIOR_CAMPAIGN_STAGE
BASE-DEAD-PREDICATE,takeover brief,historical baseline source predicate or True,An unconditional bypass defeats the stated baseline check,NOT_ATTEMPTED_NOVELTY_GATE_PRECEDES_IMPLEMENTATION,NOT_CREATED,PRESERVED_OPEN_IN_FAILED_CAMPAIGN,NOT_APPLICABLE,UNKNOWN_PRIOR_CAMPAIGN_STAGE
BASE-SCOPE-CREEP,takeover brief,prospective_repair/framework/baselines.py,Specialists make decisions beyond declared scope,NOT_ATTEMPTED_NOVELTY_GATE_PRECEDES_IMPLEMENTATION,NOT_CREATED,PRESERVED_OPEN_IN_FAILED_CAMPAIGN,NOT_APPLICABLE,UNKNOWN_PRIOR_CAMPAIGN_STAGE
SEM-B-DOWNGRADE,takeover brief,prospective_repair/framework/classifier.py and predecessor,Valid paired inference is downgraded for replay or event-alignment failures,NOT_ATTEMPTED_NOVELTY_GATE_PRECEDES_IMPLEMENTATION,NOT_CREATED,PRESERVED_OPEN_IN_FAILED_CAMPAIGN,NOT_APPLICABLE,UNKNOWN_PRIOR_CAMPAIGN_STAGE
SEM-HIERARCHY,takeover brief,historical classifier hierarchical predicate,Stored and tested hierarchy labels disagree so predicate is dead,NOT_ATTEMPTED_NOVELTY_GATE_PRECEDES_IMPLEMENTATION,NOT_CREATED,PRESERVED_OPEN_IN_FAILED_CAMPAIGN,NOT_APPLICABLE,UNKNOWN_PRIOR_CAMPAIGN_STAGE
ARTIFACT-ARM-ID,takeover brief,prospective_repair/framework/evidence.py and classifier,Artifact identity omits arm configurations and cannot detect mislabeled arms,NOT_ATTEMPTED_NOVELTY_GATE_PRECEDES_IMPLEMENTATION,NOT_CREATED,PRESERVED_OPEN_IN_FAILED_CAMPAIGN,NOT_APPLICABLE,UNKNOWN_PRIOR_CAMPAIGN_STAGE
POLICY-COLLAPSE,takeover brief,prospective_repair systems event-keyed action path,Event-keyed action ignores policy and collapses the arm contrast,NOT_ATTEMPTED_NOVELTY_GATE_PRECEDES_IMPLEMENTATION,NOT_CREATED,PRESERVED_OPEN_IN_FAILED_CAMPAIGN,NOT_APPLICABLE,UNKNOWN_PRIOR_CAMPAIGN_STAGE
ISING-MECHANICS,takeover brief,prospective_repair/systems/ising_wrapper.py,Clock cache and queue mechanics are missing or do not match labels,NOT_ATTEMPTED_NOVELTY_GATE_PRECEDES_IMPLEMENTATION,NOT_CREATED,PRESERVED_OPEN_IN_FAILED_CAMPAIGN,NOT_APPLICABLE,UNKNOWN_PRIOR_CAMPAIGN_STAGE
RNG-HOOK-ORDER,takeover brief,prospective_repair/systems wrapper construction,RNG hooks are installed after dependent objects are constructed,NOT_ATTEMPTED_NOVELTY_GATE_PRECEDES_IMPLEMENTATION,NOT_CREATED,PRESERVED_OPEN_IN_FAILED_CAMPAIGN,NOT_APPLICABLE,UNKNOWN_PRIOR_CAMPAIGN_STAGE
PROCESS-PSEUDO-CONTEXT,takeover brief,prospective_repair/systems/subprocess_context.py and predecessor,Multiple contexts are simulated within one process but described as separate,NOT_ATTEMPTED_NOVELTY_GATE_PRECEDES_IMPLEMENTATION,NOT_CREATED,PRESERVED_OPEN_IN_FAILED_CAMPAIGN,NOT_APPLICABLE,UNKNOWN_PRIOR_CAMPAIGN_STAGE
B1-SCOPE-MISMATCH,takeover brief,prospective_repair/framework/baselines.py B1,B1 is described as outcome-only while comparing trajectory or magnetization digests,NOT_ATTEMPTED_NOVELTY_GATE_PRECEDES_IMPLEMENTATION,NOT_CREATED,PRESERVED_OPEN_IN_FAILED_CAMPAIGN,NOT_APPLICABLE,UNKNOWN_PRIOR_CAMPAIGN_STAGE
GATE-PROV-CONTRADICTION,primary audit,prospective_repair/results/final/aggregates/machine_gates.json and results/final/run_meta.json,Machine gate says provenance complete while run metadata freeze SHA is null,NOT_ATTEMPTED_NOVELTY_GATE_PRECEDES_IMPLEMENTATION,NOT_CREATED,PRESERVED_OPEN_IN_FAILED_CAMPAIGN,NOT_APPLICABLE,AFTER_PRIOR_OUTCOME_EXPOSURE
FREEZE-ANALYSIS-REWRITE,clean-context audit independently verified by primary auditor,prospective_repair/analysis/analyze.py rewritten in commit 246e2dec,The frozen production analysis changed materially after final outcomes and the resulting aggregates used the changed code,RETROACTIVE_REPAIR_FORBIDDEN,NOT_APPLICABLE,PRESERVED_INTEGRITY_FAILURE,NOT_APPLICABLE,AFTER_PRIOR_OUTCOME_EXPOSURE
FREEZE-BUILDER-OMITTED,clean-context audit independently verified by primary auditor,prospective_repair/runner/freeze_guard.py FROZEN_INPUTS,The central evidence-bundle builder was outside the frozen hash guard,RETROACTIVE_REPAIR_FORBIDDEN,NOT_APPLICABLE,PRESERVED_INTEGRITY_FAILURE,NOT_APPLICABLE,BEFORE_PRIOR_CONFIRMATORY_ACQUISITION_BUT_UNRESOLVED
GATE-POSTOUTCOME-CODE,clean-context audit independently verified by primary auditor,prospective_repair/analysis/gen_gates.py added in commit 246e2dec,Outcome-facing gates and manuscript macros were generated by code created after outcomes,RETROACTIVE_REPAIR_FORBIDDEN,NOT_APPLICABLE,PRESERVED_INTEGRITY_FAILURE,NOT_APPLICABLE,AFTER_PRIOR_OUTCOME_EXPOSURE
OUTPUT-CONCLUSION-CLAIM,clean-context audit independently verified by primary auditor,prospective_repair/analysis/gen_gates.py CONCLUSION_CHANGES_SUMMARY,Generator claims conclusion_changes_descriptive.csv ships but the file is absent,NOT_ATTEMPTED_NOVELTY_GATE_PRECEDES_IMPLEMENTATION,NOT_CREATED,PRESERVED_OPEN_IN_FAILED_CAMPAIGN,NOT_APPLICABLE,AFTER_PRIOR_OUTCOME_EXPOSURE
SCHEMA-NOOP-ASSERT,clean-context audit independently verified by primary auditor,prospective_repair/analysis/schema_validators.py Branch-B assertion,An or True suffix makes a claimed Branch-B independence assertion tautological,NOT_ATTEMPTED_NOVELTY_GATE_PRECEDES_IMPLEMENTATION,NOT_CREATED,PRESERVED_OPEN_IN_FAILED_CAMPAIGN,NOT_APPLICABLE,BEFORE_PRIOR_CONFIRMATORY_ACQUISITION_BUT_UNRESOLVED
PROTOCOL-CONSTRUCTION-COUNT,clean-context audit independently verified by primary auditor,prospective_repair/protocol/PROTOCOL.md versus manuscript and macros,Frozen protocol says G01-G16 while final artifacts use G01-G19,RETROACTIVE_REPAIR_FORBIDDEN,NOT_APPLICABLE,PRESERVED_INTEGRITY_FAILURE,NOT_APPLICABLE,AFTER_PRIOR_OUTCOME_EXPOSURE
PRESERVE-WEAK-PIN,clean-context audit independently verified by primary auditor,prospective_repair/tests/test_preservation_and_docs.py,Preservation test compares historical redesign tree only to current HEAD so a committed rewrite would pass,NOT_ATTEMPTED_NOVELTY_GATE_PRECEDES_IMPLEMENTATION,NOT_CREATED,PRESERVED_OPEN_IN_FAILED_CAMPAIGN,NOT_APPLICABLE,BEFORE_PRIOR_CONFIRMATORY_ACQUISITION_BUT_UNRESOLVED
MANUSCRIPT-LABEL-TRUNCATION,clean-context audit independently verified by primary auditor,prospective_repair/analysis/gen_gates.py _md_table,Fixed 24-character truncation corrupts contrast labels in the manuscript,NOT_ATTEMPTED_NOVELTY_GATE_PRECEDES_IMPLEMENTATION,NOT_CREATED,PRESERVED_OPEN_IN_FAILED_CAMPAIGN,NOT_APPLICABLE,AFTER_PRIOR_OUTCOME_EXPOSURE
